rank,name,ticker,market_cap,price
1,Apple,AAPL,3043838656512,195.71
2,Microsoft,MSFT,2781374840832,374.23
3,Alphabet (Google),GOOG,1698981740544,136.64
4,Amazon,AMZN,1523438321664,147.42
5,NVIDIA,NVDA,1173398224896,475.06
6,Meta Platforms (Facebook),META,855120936960,332.75
7,Tesla,TSLA,775147814912,243.84
8,Berkshire Hathaway,BRK-B,770706571264,353.08
9,Eli Lilly,LLY,567733059584,598.05
10,Visa,V,525121191936,255.74
11,UnitedHealth,UNH,508496019456,549.77
12,JPMorgan Chase,JPM,458282926080,158.52
13,Walmart,WMT,406149791744,150.86
14,Exxon Mobil,XOM,397878460416,99.55
15,Broadcom,AVGO,389995900000,944.3
16,Mastercard,MA,386513764352,412.16
17,Johnson & Johnson,JNJ,371732185088,154.42
18,Procter & Gamble,PG,342102573056,145.15
19,Home Depot,HD,324923195392,326.47
20,Oracle,ORCL,311220961280,113.61
21,Adobe,ADBE,277737570304,610.01
22,Chevron,CVX,272421208064,144.31
23,Costco,COST,270417362944,610.78
24,AbbVie,ABBV,263559806976,149.28
25,Merck,MRK,262904578048,103.75
26,Coca-Cola,KO,253395058688,58.61
27,Bank of America,BAC,245009072128,30.96
28,Salesforce,CRM,242784075776,250.81
29,Pepsico,PEP,227786801152,165.68
30,AMD,AMD,208270262272,128.92
31,McDonald,MCD,207106899968,285.53
32,Netflix,NFLX,198601687040,453.76
33,Cisco,CSCO,196591173632,48.38
34,Thermo Fisher Scientific,TMO,189233414144,489.77
35,Abbott Laboratories,ABT,181435629568,104.51
36,T-Mobile US,TMUS,180873461760,156.4
37,Intel,INTC,180023197696,42.7
38,Nike,NKE,176404594688,115.91
39,Walt Disney,DIS,169890299904,92.82
40,Comcast,CMCSA,169455861760,42.1
41,Wells Fargo,WFC,167418593280,46.1
42,Pfizer,PFE,162503688192,28.78
43,Verizon,VZ,160806830080,38.25
44,Danaher,DHR,160709230592,217.49
45,Intuit,INTU,160655278080,573.9
46,Boeing,BA,148037877760,244.7
47,QUALCOMM,QCOM,147995607040,132.97
48,IBM,IBM,147888750592,161.96
49,Amgen,AMGN,144027090944,269.12
50,ServiceNow,NOW,143349858304,699.08
51,Texas Instruments,TXN,142615281664,157.03
52,Philip Morris,PM,141750550528,91.31
53,Union Pacific Corporation,UNP,140067340288,229.77
54,Morgan Stanley,MS,135046979584,82.28
55,United Parcel Service,UPS,133156036608,156.3
56,ConocoPhillips,COP,133073043456,112.07
57,Caterpillar,CAT,132107558912,259.5
58,S&P Global,SPGI,131592388608,415.38
59,General Electric,GE,131248947200,120.59
60,Honeywell,HON,128296837120,194.61
61,Uber,UBER,126969962496,61.7
62,Applied Materials,AMAT,123572805632,147.72
63,American Express,AXP,122742677504,168.43
64,Nextera Energy,NEE,122487087104,59.7
65,AT&T,T,120978341888,16.92
66,Lowe's Companies,LOW,119525744640,207.83
67,Raytheon Technologies,RTX,116930027520,81.32
68,Charles Schwab,SCHW,116772700160,64.07
69,Goldman Sachs,GS,114409865216,350.83
70,Booking Holdings (Booking.com),BKNG,114264424448,3275
71,Elevance Health,ELV,112303357952,477.97
72,Lockheed Martin,LMT,111153315840,448.02
73,BlackRock,BLK,110787518464,744.73
74,Prologis,PLD,110737924096,119.85
75,Stryker Corporation,SYK,109840072704,289.1
76,Starbucks,SBUX,109816594432,96.61
77,Intuitive Surgical,ISRG,109290192896,310.42
78,Deere & Company,DE,104737325056,363.67
79,Bristol-Myers Squibb,BMY,102368772096,50.31
80,TJX Companies,TJX,101579677696,89.13
81,Gilead Sciences,GILD,98462081024,79.02
82,Mondelez,MDLZ,96746373120,71.09
83,CVS Health,CVS,96646184960,75.1
84,Marsh & McLennan Companies,MMC,96479395840,195.67
85,American Tower,AMT,96239763456,206.45
86,Automatic Data Processing,ADP,94299897856,229.27
87,Progressive,PGR,94284447744,161.17
88,Palo Alto Networks,PANW,94091829248,298.42
89,Citigroup,C,93569597440,48.89
90,Lam Research,LRCX,92672180224,703.17
91,Analog Devices,ADI,91748925440,184.88
92,Regeneron Pharmaceuticals,REGN,91530731520,840.14
93,Vertex Pharmaceuticals,VRTX,90227703808,350.15
94,Airbnb,ABNB,90165469184,140.68
95,KKR & Co.,KKR,88200093696,76.95
96,Zoetis,ZTS,84752441344,184.6
97,Micron Technology,MU,82735603712,74.96
98,Synopsys,SNPS,81489756160,535.93
99,Blackstone Group,BX,81275540000,112.57
100,Boston Scientific,BSX,80500654080,54.95
101,Fiserv,FI,79440617472,132.36
102,Southern Company,SO,77979328512,71.5
103,CME Group,CME,76181716992,211.62
104,Cigna,CI,75730051072,258.8
105,Equinix,EQIX,75272896512,801.77
106,Illinois Tool Works,ITW,75104157696,249.61
107,Sherwin-Williams,SHW,74184065024,289.82
108,Altria Group,MO,73045245952,41.3
109,Duke Energy,DUK,72747507712,94.39
110,KLA,KLAC,72646139904,534.43
111,Workday,WDAY,71906828288,273.41
112,Northrop Grumman,NOC,71815159808,476.25
113,Cadence Design Systems,CDNS,70717079552,259.93
114,Schlumberger,SLB,69708849152,48.8
115,Arista Networks,ANET,69695733760,224.03
116,Waste Management,WM,69478686720,172.5
117,EOG Resources,EOG,69371527168,118.96
118,HCA Healthcare,HCA,68930732032,257.53
119,General Dynamics,GD,68849180672,252.29
120,Moody's,MCO,68556251136,374.61
121,FedEx,FDX,68439035904,272.21
122,Becton Dickinson,BDX,67461079040,232.3
123,CSX Corporation,CSX,65133244416,32.96
124,Intercontinental Exchange,ICE,64871735296,113.34
125,PayPal,PYPL,63545573376,58.94
126,Colgate-Palmolive,CL,63539617792,77.17
127,U.S. Bancorp,USB,62949916672,40.43
128,Snowflake,SNOW,62692294656,190.67
129,Target,TGT,62412087296,135.19
130,Chipotle Mexican Grill,CMG,61557088256,2242.95
131,Vmware,VMW,61521440768,142.48
132,Marriott International,MAR,61498896384,209.4
133,McKesson,MCK,60927762432,457.89
134,Humana,HUM,59292721152,481.62
135,Air Products and Chemicals,APD,58500698112,263.27
136,Southern Copper,SCCO,58331148288,75.45
137,CrowdStrike,CRWD,58247168000,242.55
138,Roper Technologies,ROP,57320681472,536.6
139,Enterprise Products,EPD,57185599488,26.33
140,3M,MMM,57093009408,103.37
141,Cintas,CTAS,56358875136,553.33
142,Parker-Hannifin,PH,56353427456,438.63
143,Monster Beverage,MNST,56100524032,53.92
144,PNC Financial Services,PNC,56034627584,140.67
145,O'Reilly Automotive,ORLY,55960342528,945.88
146,Amphenol,APH,55780446208,93.23
147,Phillips 66,PSX,55135285248,125.32
148,Ecolab,ECL,54781095936,192.12
149,Freeport-McMoRan,FCX,54706339840,38.15
150,TransDigm,TDG,54424649728,983.92
151,Charter Communications,CHTR,54367993856,367.55
152,Marathon Petroleum,MPC,54304264192,143.02
153,Motorola Solutions,MSI,53859934208,324.52
154,Apollo Global Management,APO,52266139648,92.09
155,Pioneer Natural Resources,PXD,52039569408,223.05
156,Arthur J. Gallagher & Co.,AJG,52025917440,240.96
157,Emerson,EMR,51052453888,89.55
158,Republic Services,RSG,50905116672,161.79
159,Crown Castle,CCI,50338279424,116.07
160,Norfolk Southern,NSC,49976057856,221
161,Paccar,PCAR,49890988032,95.38
162,Simon Property Group,SPG,49853919232,132.88
163,Occidental Petroleum,OXY,49714552832,56.47
164,Dell,DELL,48886988800,68.7
165,Welltower,WELL,48550301696,87.72
166,Public Storage,PSA,48279003136,273.81
167,Aflac,AFL,48240574464,82.55
168,Autodesk,ADSK,47919099904,224.01
169,Estee Lauder,EL,47854878720,133.73
170,MetLife,MET,47438774272,64.09
171,Microchip Technology,MCHP,46573154304,86.08
172,Carrier,CARR,46374125568,55.27
173,General Motors,GM,46219948032,33.75
174,D. R. Horton,DHI,46132658176,138.46
175,American International Group,AIG,46004678656,65.53
176,Truist Financial,TFC,45784895488,34.33
177,Marvell Technology Group,MRVL,45714759680,52.88
178,Sempra Energy,SRE,45550759936,72.38
179,Copart,CPRT,45505343488,47.39
180,AutoZone,AZO,45402607616,2620.49
181,Newmont,NEM,45039308800,39.08
182,Capital One,COF,44974223360,118.09
183,Keurig Dr Pepper,KDP,44900696064,32.11
184,Paychex,PAYX,44799991808,124.02
185,Pacific Gas and Electric,PCG,44791214080,17.61
186,Energy Transfer Partners,ET,44722843648,13.3
187,Ross Stores,ROST,44466843648,132.08
188,Kraft Heinz,KHC,44437544960,36.23
189,IDEXX Laboratories,IDXX,44129517568,531.35
190,Ford,F,44072480768,11.01
191,Hilton Worldwide,HLT,43935866880,171.33
192,Williams Companies,WMB,43210080256,35.52
193,Constellation Brands,STZ,43063345152,234.44
194,Block,SQ,42476810240,69.17
195,Cheniere Energy,LNG,41982914560,176.21
196,Edwards Lifesciences,EW,41957666816,69.18
197,American Electric Power,AEP,41880764416,79.64
198,Valero Energy,VLO,41787199488,122.74
199,Digital Realty,DLR,41700913152,134.81
200,The Travelers Companies,TRV,41399603200,181.26
201,Seagen,SGEN,41313423360,218.98
202,Hess,HES,41312886784,134.5
203,Kimberly-Clark,KMB,40532643840,119.94
204,Cencora,COR,40522293248,201.75
205,Old Dominion Freight Line,ODFL,40312168448,369.45
206,MSCI,MSCI,40073928704,506.68
207,Fortinet,FTNT,40054185984,52.16
208,W. W. Grainger,GWW,39908376576,804.05
209,Nucor,NUE,39848042496,162.09
210,DoorDash,DASH,39820898304,100
211,Oneok,OKE,39753277440,68.24
212,Dominion Energy,D,39739490304,47.49
213,Kenvue,KVUE,39465885696,20.61
214,Centene,CNC,39408005120,73.77
215,Lennar,LEN,39387938816,139.58
216,Kinder Morgan,KMI,39343030272,17.7
217,Archer Daniels Midland (ADM),ADM,39336849408,73.75
218,IQVIA,IQV,39288598528,215.28
219,Exelon Corporation,EXC,39031083008,39.21
220,Realty Income,O,38990544896,53.86
221,Palantir,PLTR,38667341824,17.77
222,General Mills,GIS,38056333312,65.47
223,The Hershey Company,HSY,37983461376,185.74
224,Bank of New York Mellon,BK,37730721792,49.06
225,Datadog,DDOG,37399302144,113.83
226,Sysco,SYY,37237784576,73.83
227,Agilent Technologies,A,37158047744,127.2
228,L3Harris Technologies,LHX,37113827328,195.81
229,Electronic Arts,EA,36885999616,137.14
230,Allstate,ALL,36458233856,139.32
231,Prudential Financial,PRU,36414070784,100.87
232,Ametek,AME,36272373760,157.16
233,Ameriprise Financial,AMP,36185665536,357.58
234,MPLX,MPLX,36124016640,36.08
235,Otis Worldwide,OTIS,35810164736,87.5
236,Dow,DOW,35715133440,50.92
237,Waste Connections,WCN,35639758848,138.33
238,Gartner,IT,35617599488,452
239,Fastenal,FAST,35604963328,62.29
240,Constellation Energy,CEG,35518472192,111.21
241,Cognizant Technology Solutions,CTSH,35264376832,70.33
242,Coinbase,COIN,35078246400,146.62
243,Las Vegas Sands,LVS,34948788224,46.39
244,Fidelity National Information Services,FIS,34921005056,58.94
245,Yum! Brands,YUM,34853494784,124.34
246,Biogen,BIIB,34672640000,239.29
247,Interactive Brokers,IBKR,34656919552,83.15
248,The Trade Desk,TTD,34629677056,70.63
249,Ares Management,ARES,33989603328,110.64
250,PPG Industries,PPG,33950482432,143.98
251,Verisk Analytics,VRSK,33770373120,232.92
252,CoStar Group,CSGP,33645027328,82.39
253,Xcel Energy,XEL,33611112448,60.91
254,United Rentals,URI,33555859456,495.06
255,ON Semiconductor,ON,32793344000,76.14
256,Cummins,CMI,32683560960,230.58
257,Baker Hughes,BKR,32666537984,32.24
258,Kroger,KR,32067106816,44.58
259,Rockwell Automation,ROK,31939870720,278.53
260,Corteva,CTVA,31818516480,45.15
261,Consolidated Edison,ED,31604891648,91.55
262,VICI Properties,VICI,31563509760,30.51
263,Global Payments,GPN,31288342528,120.16
264,Halliburton,HAL,31264167936,34.93
265,GE HealthCare Technologies,GEHC,31193249792,68.52
266,PSEG,PEG,31179505664,62.57
267,Nasdaq,NDAQ,31138801664,53.97
268,Royal Caribbean,RCL,30868631552,120.47
269,Moderna,MRNA,30624731136,80.32
270,Dupont De Nemours,DD,30485676032,70.89
271,Extra Space Storage,EXR,30300469248,138.68
272,LyondellBasell,LYB,30029432832,92.58
273,Zscaler,ZS,29488599040,198.8
274,HP,HPQ,29114402816,29.46
275,GlobalFoundries,GFS,29042946048,52.5
276,Martin Marietta,MLM,29011683328,469.39
277,Quanta Services,PWR,28948035584,199.25
278,Vulcan Materials,VMC,28704555008,216.03
279,CDW Corporation,CDW,28558931968,213.19
280,Devon Energy,DVN,28248465408,44.09
281,Cheniere Energy,CQP,28224315392,58.31
282,Equifax,EFX,28140298240,228.38
283,FICO,FICO,28034861056,1134.39
284,Symbotic,SYM,28012318720,50.33
285,Dollar General,DG,27924408320,127.22
286,Veeva Systems,VEEV,27746897920,172.71
287,Warner Bros. Discovery,WBD,27608290000,11.47
288,Monolithic Power Systems,MPWR,27584374784,575.73
289,MongoDB,MDB,27473420288,381.79
290,Dollar Tree,DLTR,27105456128,124.41
291,Diamondback Energy,FANG,26620436480,148.73
292,WEC Energy Group,WEC,26518620160,84.07
293,Brown Forman,BF-A,26484688896,56.78
294,Take 2 Interactive,TTWO,26414962688,155.32
295,SBA Communications,SBAC,26343845888,244.18
296,Cardinal Health,CAH,26330177536,106.83
297,Cloudflare,NET,26029043712,77.52
298,Delta Air Lines,DAL,25963730944,40.35
299,Edison International,EIX,25871726592,67.45
300,Discover Financial Services,DFS,25830991872,103.3
301,Xylem,XYL,25645877248,106.38
302,American Water Works,AWK,25574502400,131.35
303,Roblox,RBLX,25467183104,40.83
304,Splunk,SPLK,25440962560,150.95
305,West Pharmaceutical,WST,25322233856,342.24
306,HubSpot,HUBS,25267924992,502.04
307,CBRE Group,CBRE,25203333120,82.69
308,Keysight,KEYS,25200017408,144.33
309,AvalonBay Communities,AVB,24959137792,175.75
310,Ansys,ANSS,24949868544,287.2
311,Snap,SNAP,24844175360,15.09
312,Corning,GLW,24835923968,29.11
313,Zimmer Biomet,ZBH,24513470464,117.3
314,Fortive,FTV,24210286592,68.89
315,ResMed,RMD,23956873216,162.87
316,Carnival Corporation,CCL,23656368128,18.11
317,Mettler-Toledo,MTD,23646617600,1090.52
318,The Hartford,HIG,23544274944,78.28
319,Pinterest,PINS,23541872640,34.91
320,ULTA Beauty,ULTA,23414413312,482.16
321,Tractor Supply,TSCO,22927736832,212.07
322,Church & Dwight,CHD,22898743296,92.94
323,State Street Corporation,STT,22825959424,73.97
324,Weyerhaeuser,WY,22535133184,30.87
325,Broadridge Financial Solutions,BR,22512930816,191.36
326,DTE Energy,DTE,22401792000,108.61
327,Equity Residential,EQR,22335424512,58.82
328,Raymond James,RJF,22331381760,107.05
329,Zoom,ZM,22241144832,73.06
330,M&T Bank,MTB,22014593024,132.65
331,T. Rowe Price,TROW,21998387200,98.44
332,Howmet Aerospace,HWM,21929484288,53.26
333,HEICO,HEI,21794816000,178.91
334,VeriSign,VRSN,21744236544,212.97
335,Entergy,ETR,21572360192,102.01
336,Molina Healthcare,MOH,21438076928,367.72
337,eBay,EBAY,21429510144,41.29
338,Alnylam Pharmaceuticals,ALNY,21338828800,170.04
339,Fifth Third Bank,FITB,21281781760,31.25
340,FirstEnergy,FE,21277061120,37.08
341,Wabtec,WAB,21212426240,118.4
342,Tradeweb,TW,21208668160,90.35
343,Brown &amp; Brown,BRO,21102944256,74.15
344,Rocket Companies,RKT,20886523904,10.51
345,Eversource Energy,ES,20837298176,59.65
346,First Citizens BancShares,FCNCA,20810653696,1446.47
347,Hewlett Packard Enterprise,HPE,20807989248,16.22
348,NVR,NVR,20777791488,6535.89
349,PulteGroup,PHM,20763955200,96.31
350,Alexandria Real Estate Equities,ARE,20755687424,119.44
351,Ameren,AEE,20514967552,78.02
352,Invitation Homes,INVH,20327563264,33.08
353,Expedia Group,EXPE,20202383360,145.5
354,Dover,DOV,20091000832,143.62
355,Rollins,ROL,20053694464,41.43
356,Walgreens Boots Alliance,WBA,20008271872,23.16
357,PTC,PTC,19867410432,166.61
358,Live Nation,LYV,19621386240,85.19
359,International Flavors & Fragrances,IFF,19610533888,76.82
360,Teledyne,TDY,19416031232,411.49
361,Targa Resources,TRGP,19300802560,86.56
362,J. B. Hunt,JBHT,19248545792,186.62
363,PPL,PPL,19209449472,26.06
364,Darden Restaurants,DRI,19124068352,158.95
365,Iron Mountain,IRM,19110746112,65.45
366,Cboe,CBOE,18864967680,178.72
367,Ventas,VTR,18799241216,46.72
368,Blue Owl Capital,OWL,18682013696,13.26
369,Genuine Parts Company,GPC,18643394560,132.98
370,Coterra Energy,CTRA,18579142656,24.7
371,Fleetcor,FLT,18490746880,256.09
372,NetApp,NTAP,18417111040,89.39
373,W. R. Berkley,WRB,18394009600,71.33
374,Kellogg's,K,18393323520,53.7
375,LabCorp,LH,18389340160,216.6
376,Baxter,BAX,18339764224,36.15
377,Steel Dynamics,STLD,18311098368,113.16
378,Tyson Foods,TSN,18252230656,51.38
379,Rivian,RIVN,18234951680,19.04
380,Builders FirstSource,BLDR,18218350592,147.7
381,Samsara,IOT,18188396544,33.67
382,UWM Holdings,UWMC,18184026112,5.87
383,Markel,MKL,18162219008,1374
384,CenterPoint Energy,CNP,18160314368,28.77
385,Ball Corporation,BALL,18132959232,57.51
386,McCormick & Company,MKC,17992865792,67.09
387,Vertiv Holdings,VRT,17981175808,47.14
388,Illumina,ILMN,17934872576,112.94
389,Principal,PFG,17916661760,75.15
390,Deckers Brands,DECK,17892753408,695.38
391,Sirius XM,SIRI,17812680704,4.64
392,Axon Enterprise,AXON,17712852992,236.38
393,BioMarin Pharmaceutical,BMRN,17656555520,92.94
394,Clorox,CLX,17560551424,141.55
395,Warner Music Group,WMG,17507743744,33.93
396,Expeditors,EXPD,17500473344,120.37
397,Huntington Bancshares,HBAN,17362479104,11.99
398,Southwest Airlines,LUV,17329063936,29.07
399,Waters Corporation,WAT,17273362432,292.14
400,Akamai,AKAM,17256689664,114.41
401,Abiomed,ABMD,17180649472,381.02
402,Hormel Foods,HRL,17159838720,31.38
403,Tyler Technologies,TYL,16979001344,403.07
404,CMS Energy,CMS,16966077440,58.15
405,LPL Financial,LPLA,16947333120,224.11
406,Align Technology,ALGN,16943807488,221.23
407,FactSet,FDS,16862715904,443.89
408,Atmos Energy,ATO,16848356352,113.46
409,DraftKings,DKNG,16738087936,35.9
410,Northern Trust,NTRS,16643623936,80.39
411,Skyworks Solutions,SWKS,16600130560,103.78
412,Cooper Companies,COO,16590573568,335
413,Westlake Chemical,WLK,16562224128,129.25
414,Sun Communities,SUI,16560524288,127.64
415,Hubbell,HUBB,16524723200,308.17
416,Hologic,HOLX,16409006080,68.37
417,Booz Allen Hamilton,BAH,16335435776,125.29
418,Regions Financial,RF,16220334080,17.44
419,Omnicom,OMC,16218712064,81.94
420,Cincinnati Financial,CINF,16130143232,102.8
421,Entegris,ENTG,16065512448,106.99
422,Jacobs Engineering,J,16041594880,127.29
423,Watsco,WSO,16020800512,411.85
424,Erie Indemnity,ERIE,15987637248,305.75
425,Best Buy,BBY,15937149952,73.99
426,Dynatrace,DT,15935546368,54.13
427,First Solar,FSLR,15532981248,145.38
428,Western Digital,WDC,15518270464,47.86
429,EPAM Systems,EPAM,15492584448,268.5
430,IDEX,IEX,15491128320,204.84
431,Avery Dennison,AVY,15438655488,191.71
432,Celanese,CE,15386654720,141.35
433,Loews Corporation,L,15368598528,68.84
434,Quest Diagnostics,DGX,15281041408,135.91
435,EQT Corporation,EQT,15272757248,37.13
436,Mid-America Apartment Communities,MAA,15234623488,127.13
437,Supermicro,SMCI,15228375040,272.65
438,Jabil,JBL,15225454592,119
439,Reliance Steel &amp; Aluminum,RS,15209179136,264.64
440,Bunge,BG,15182596096,104.5
441,Essex Property Trust,ESS,15023517696,226.11
442,Albemarle,ALB,15020010496,127.99
443,Bentley Systems,BSY,14970693632,50.59
444,Lennox,LII,14948708352,420.62
445,Leidos,LDOS,14918025216,108.49
446,Textron,TXT,14882659328,75.93
447,Roku,ROKU,14728386560,103.36
448,GoDaddy,GDDY,14721478656,104.31
449,Packaging Corporation of America,PKG,14687631360,163.88
450,Snap-on,SNA,14684451840,278.22
451,Lamb Weston,LW,14631830528,100.96
452,CF Industries,CF,14627247104,76.56
453,Formula One Group,FWONK,14604234752,62.92
454,Synchrony,SYF,14603143168,35.29
455,AMH (American Homes 4 Rent),AMH,14503230464,35.08
456,Masco,MAS,14368063488,64
457,Carlisle Companies,CSL,14366471168,295.1
458,Stanley Black &amp; Decker,SWK,14234927104,92.85
459,Gen Digital,GEN,14191837184,22.15
460,Avantor,AVTR,14190577664,20.98
461,MGM Resorts,MGM,14148367360,41.42
462,SS&C Technologies,SSNC,14135639040,57.11
463,Conagra Brands,CAG,14109615104,29.52
464,Teradyne,TER,14109203456,92.29
465,Marathon Oil,MRO,14098599936,24.09
466,Enphase Energy,ENPH,14066119680,103.01
467,Fox Corporation,FOX,14000574464,28.01
468,Graco,GGG,13946951680,82.63
469,Magellan Midstream Partners,MMP,13944624128,69
470,UiPath,PATH,13942501376,24.63
471,Equity LifeStyle Properties,ELS,13845267456,70.81
472,Citizens Financial Group,CFG,13804863488,29.61
473,RPM International,RPM,13787171840,107.02
474,Domino's Pizza,DPZ,13774507008,394.9
475,POOLCORP,POOL,13697078272,354.12
476,W. P. Carey,WPC,13680120832,62.56
477,Manhattan Associates,MANH,13651468288,221.74
478,Nordson,NDSN,13635588096,239.16
479,Insulet,PODD,13592640512,194.66
480,Molson Coors,TAP,13444504576,62.31
481,United Airlines Holdings,UAL,13438775296,40.97
482,Carlyle Group,CG,13324196864,36.93
483,Vistra,VST,13215121408,36.96
484,Alliant Energy,LNT,13111097344,51.38
485,Host Hotels & Resorts,HST,12870908928,17.99
486,Corebridge Financial,CRBG,12812279808,20.35
487,Campbell Soup,CPB,12791471104,42.91
488,Twilio,TWLO,12783447040,70.61
489,Albertsons,ACI,12779065344,22.19
490,International Paper,IP,12747266048,36.84
491,Owens Corning,OC,12741120000,143.36
492,Fidelity National Financial,FNF,12715223040,46.72
493,Affirm,AFRM,12693950464,42.07
494,News Corp,NWS,12688503808,22.94
495,AspenTech,AZPN,12675544064,198.99
496,J.M. Smucker Company,SJM,12666164224,119.33
497,Hyatt Hotels,H,12648967168,122.64
498,Franklin Resources,BEN,12646512640,25.57
499,UDR Apartments,UDR,12566253568,35.37
500,Kimco Realty,KIM,12546249728,20.24
501,AppLovin,APP,12545562624,37.36
502,Williams-Sonoma,WSM,12495989760,194.81
503,Unity Software,U,12426621952,32.7
504,KeyCorp (KeyBank),KEY,12414807040,13.26
505,AECOM,ACM,12406094848,91.23
506,Avangrid,AGR,12403745792,32.07
507,Gaming and Leisure Properties,GLPI,12304097280,46.08
508,Incyte,INCY,12258761728,54.7
509,AES,AES,12200639488,18.22
510,LKQ Corporation,LKQ,12148950016,45.4
511,TransUnion,TRU,12131431424,62.63
512,Zebra Technologies,ZBRA,12127542272,236.13
513,Jack Henry &amp; Associates,JKHY,11994076160,164.69
514,Interpublic Group,IPG,11957384192,31.22
515,Okta,OKTA,11906493440,72.01
516,Regency Centers,REG,11874876416,63.96
517,Texas Pacific Land Trust,TPL,11866269696,1546.12
518,Evergy,EVRG,11844414464,51.56
519,Lincoln Electric,LECO,11828897792,206.8
520,Viatris,VTRS,11792755712,9.83
521,Celsius Holdings,CELH,11792258048,50.9
522,Morningstar,MORN,11732197376,274.76
523,Exact Sciences,EXAS,11704611840,64.72
524,Trimble,TRMB,11667219456,46.9
525,The Mosaic Company,MOS,11661472768,35.68
526,A. O. Smith,AOS,11598672896,77.99
527,TPG Capital,TPG,11593745408,37.49
528,Elastic NV,ESTC,11538207744,115.81
529,Neurocrine Biosciences,NBIX,11522982912,117.28
530,Globe Life,GL,11516364800,122.36
531,Ryan Specialty Group,RYAN,11490082816,44.15
532,Ares Capital,ARCC,11434294272,20.08
533,Burlington Stores,BURL,11374519296,176.28
534,DexCom,DXCM,11369484000,116.97
535,Rexford Industrial,REXR,11357526016,52.42
536,United Therapeutics,UTHR,11356003328,241.65
537,ZoomInfo,ZI,11333558272,15.64
538,Ovintiv,OVV,11310787584,41.63
539,Dick's Sporting Goods,DKS,11288070144,138.09
540,CNA Financial,CNA,11254689792,41.55
541,Revvity,RVTY,11232504832,91.02
542,Nutanix,NTNX,11168593920,46.02
543,Paramount Global,PARA,11134935040,16.85
544,Amerco,UHAL,11107981312,58.82
545,Liberty Broadband,LBRDA,11049188352,75.64
546,Freddie Mac,FMCCT,10992719872,3.4125
547,US Foods,USFD,10974832640,44.64
548,NiSource,NI,10872814592,26.3
549,Equitable Holdings,EQH,10872202240,32.12
550,Teleflex,TFX,10859073536,231.08
551,Lucid Motors,LCID,10829003776,4.73
552,Legend Biotech,LEGN,10806032384,59.28
553,Bio-Techne,TECH,10803226624,68.31
554,NRG Energy,NRG,10793777152,47.81
555,Reinsurance Group of America,RGA,10784825344,163.64
556,Paycom,PAYC,10765238272,186.57
557,Floor &amp; Decor,FND,10756110336,100.93
558,Five Below,FIVE,10753213440,194.83
559,Zillow,Z,10733148160,46.41
560,Lamar Advertising,LAMR,10711829504,105.02
561,Crown Holdings,CCK,10680790016,88.53
562,CarMax,KMX,10665663488,67.22
563,Apache Corporation,APA,10572604416,34.47
564,Western Midstream,WES,10565725184,27.84
565,Westrock,WRK,10556263424,41.16
566,Charles River Laboratories,CRL,10488143872,204.46
567,Ceridian,CDAY,10487051264,67.17
568,Plains All American Pipeline,PAA,10423766016,14.87
569,Saia,SAIA,10393502720,391.5
570,Coty,COTY,10361217024,11.62
571,Pure Storage,PSTG,10347580416,33.17
572,Healthpeak Properties,PEAK,10257637376,18.75
573,Amdocs,DOX,10204099584,85.73
574,F5 Networks,FFIV,10199184384,170.82
575,Performance Food Group,PFGC,10184084480,65.45
576,TopBuild,BLD,10176226304,320.27
577,Robinhood,HOOD,10143892480,11.73
578,Qorvo,QRVO,10121042944,103.97
579,DocuSign,DOCU,10105383936,49.73
580,Emcor,EME,10101843968,214.73
581,Penske Automotive,PAG,10099590144,150.26
582,Boston Properties,BXP,10056715264,64.08
583,Eastman Chemical,EMN,10055827456,84.85
584,Camden Property Trust,CPT,9999104000,93.65
585,Casey's General Stores,CASY,9987821568,268.01
586,Toll Brothers,TOL,9980499968,92.86
587,MarketAxess,MKTX,9919084544,261.68
588,C. H. Robinson,CHRW,9857009664,84.5
589,Chesapeake Energy,CHK,9836953600,75.05
590,Advanced Drainage Systems,WMS,9834301440,126.23
591,Essential Utilities,WTRG,9833976832,36
592,DaVita,DVA,9827218432,107.58
593,Huntington Ingalls Industries,HII,9807334400,246.89
594,American Financial Group,AFG,9703144448,115.82
595,East West Bancorp,EWBC,9670617088,68.62
596,Service Corporation International,SCI,9641838592,65.26
597,Etsy,ETSY,9589260288,80.08
598,CubeSmart,CUBE,9544489984,42.18
599,Caesars Entertainment,CZR,9532269568,44.19
600,XPO Logistics,XPO,9515584512,82.05
601,Wynn Resorts,WYNN,9508924416,84.19
602,HF Sinclair,DINO,9463008256,52.67
603,Permian Resources,PR,9416152064,12.95
604,Bruker,BRKR,9407796224,67.97
605,Universal Health Services,UHS,9380357120,137.45
606,MicroStrategy,MSTR,9372601344,599.39
607,Henry Schein,HSIC,9343842304,71.91
608,ITT,ITT,9337233408,113.73
609,Dropbox,DBX,9311404032,27.59
610,Skechers,SKX,9305071616,60.43
611,Clean Harbors,CLH,9265523712,171.31
612,Fortune Brands Innovations,FBIN,9259155456,73.43
613,Juniper Networks,JNPR,9243982848,28.99
614,GitLab,GTLB,9217439744,59.2
615,Annaly Capital Management,NLY,9156646912,18.31
616,Ally,ALLY,9073031168,30.08
617,TD Synnex,SNX,9050012672,100.57
618,Duolingo,DUOL,9022464000,214.75
619,American Airlines,AAL,8992723968,13.76
620,Knight-Swift,KNX,8986639360,55.69
621,Churchill Downs,CHDN,8943170560,119.89
622,Repligen,RGEN,8892362752,159.27
623,Bio-Rad Laboratories,BIO,8872171520,304.13
624,Tetra Tech,TTEK,8825274368,165.74
625,Assurant,AIZ,8818391040,167.68
626,Robert Half,RHI,8798815232,83.09
627,BJ's Wholesale Club,BJ,8792475648,65.92
628,Pershing Square Holdings,PSHZF,8783038464,40.725
629,Cleveland-Cliffs,CLF,8774483968,17.38
630,The Toro Company,TTC,8746780672,84.23
631,Match Group,MTCH,8725165056,32.1
632,AGCO,AGCO,8690561024,116.06
633,Medpace,MEDP,8689231872,283.19
634,Penumbra,PEN,8647137280,224.04
635,Chemed,CHE,8601998336,573.18
636,Vail Resorts,MTN,8576193536,225.87
637,Paylocity,PCTY,8558551040,152.35
638,Pinnacle West Capital,PNW,8538869760,75.3
639,Lattice Semiconductor,LSCC,8517707776,61.71
640,Ralph Lauren,RL,8516057088,131.76
641,Dolby,DLB,8515768832,89.38
642,Bath &amp; Body Works,BBWI,8488603136,37.57
643,Procore,PCOR,8425850368,58.72
644,AptarGroup,ATR,8375275008,127.32
645,Unum,UNM,8353820672,42.83
646,Chewy,CHWY,8338208768,19.34
647,Universal Display Corporation,OLED,8299507200,175.25
648,Toast,TOST,8292192768,15.35
649,Liberty Media,LSXMB,8263360512,26.17
650,Curtiss-Wright,CW,8244420096,215.59
651,Webster Financial,WBS,8240477184,47.9
652,Core &amp; Main,CNM,8223036416,38.03
653,WESCO International,WCC,8221193216,160.96
654,Regal Rexnord,RRX,8211401728,123.76
655,Federal Realty Investment Trust,FRT,8153631232,99.12
656,Sarepta Therapeutics,SRPT,8141369344,87.03
657,Old Republic International,ORI,8128157696,28.99
658,Americold,COLD,8069569024,28.38
659,Gap Inc.,GPS,8039659520,21.68
660,EastGroup Properties,EGP,8021645312,173.14
661,Guidewire Software,GWRE,8020176384,97.89
662,Woodward,WWD,8017287168,133.55
663,U.S. Steel,X,8007064576,35.9
664,National Instruments,NATI,7965164032,59.98
665,Tempur Sealy,TPX,7962504704,46.22
666,Informatica,INFA,7956500992,27.33
667,Norwegian Cruise Line,NCLH,7946938880,18.68
668,SEI Investments,SEIC,7926861312,60.24
669,Jones Lang LaSalle,JLL,7925169152,166.59
670,Trex,TREX,7923090944,72.96
671,FTI Consulting,FCN,7887414272,222.12
672,Houlihan Lokey,HLI,7859472896,113.93
673,ImmunoGen,IMGN,7818406912,29.21
674,SoFi,SOFI,7794580480,8.13
675,Simpson Manufacturing Company,SSD,7774148608,182.18
676,New Fortress Energy,NFE,7766574592,37.88
677,Royal Gold,RGLD,7764137472,118.19
678,Jefferies Financial Group,JEF,7762689024,36.89
679,Lear Corporation,LEA,7753227776,133.08
680,Karuna Therapeutics,KRTX,7752164352,205.48
681,BorgWarner,BWA,7733309952,32.9
682,Klaviyo,KVYO,7729687040,29.88
683,WillScot,WSC,7722689024,40.3
684,WEX,WEX,7711090688,180.43
685,Omega Healthcare,OHI,7690033152,30.52
686,Tapestry,TPR,7684606464,33.53
687,New York Times,NYT,7674519040,46.68
688,Kinsale Capital Group,KNSL,7664172032,330.73
689,RBC Bearings,RBC,7632195072,262.41
690,First Horizon National,FHN,7616034816,13.63
691,Voya Financial,VOYA,7596913152,72.72
692,Darling Ingredients,DAR,7592128000,47.59
693,Texas Roadhouse,TXRH,7581217280,113.52
694,Hess Midstream,HESM,7578632192,31
695,Bill.com,BILL,7577541120,70.98
696,Light &amp; Wonder,LNW,7566683136,84.03
697,Coca-Cola Consolidated,COKE,7557631488,806.26
698,Berry Global,BERY,7556009984,65.42
699,Murphy USA,MUSA,7533334528,354.06
700,Generac Power Systems,GNRC,7467011072,121.55
701,NOV,NOV,7453099008,18.92
702,Lithia Motors,LAD,7443198976,270.47
703,National Retail Properties,NNN,7434429952,40.75
704,Apellis Pharmaceuticals,APLS,7433504768,62.73
705,Cerevel Therapeutics,CERE,7431059456,41.22
706,Ubiquiti,UI,7426653696,122.86
707,Primerica,PRI,7408289792,211.46
708,Endeavor Group,EDR,7391635968,24.6
709,Donaldson,DCI,7379954688,61.43
710,Wingstop Restaurants,WING,7270774784,247.18
711,Tenet Healthcare,THC,7266045952,71.55
712,APi Group,APG,7255217152,30.8
713,BWX Technologies,BWXT,7251473920,79.24
714,Middleby,MIDD,7247689216,135.21
715,Axalta,AXTA,7236329472,32.88
716,Gentex,GNTX,7202852352,30.88
717,CACI,CACI,7187328000,322.62
718,SentinelOne,S,7168200192,24
719,Range Resources,RRC,7166758400,29.7
720,Carvana,CVNA,7150175744,40.26
721,Graphic Packaging,GPK,7131034624,23.3
722,Aramark,ARMK,7102557184,27.16
723,Amkor Technology,AMKR,7068287488,28.76
724,Universal Forest Products,UFPI,7054660608,114.13
725,VF Corporation,VFC,7054337536,18.14
726,KBR,KBR,7052609024,52.24
727,OGE Energy,OGE,7050102784,35.2
728,Rambus,RMBS,7043989504,65.52
729,New York Community Bank,NYCB,7037032960,9.74
730,e.l.f. Cosmetics,ELF,7025202176,127.27
731,BellRing Brands,BRBR,7005128704,53.44
732,Natera,NTRA,6986839040,58.15
733,Ionis Pharmaceuticals,IONS,6985651712,48.69
734,Confluent,CFLT,6982605312,22.68
735,FMC,FMC,6971532800,55.88
736,CCC Intelligent Solutions,CCCS,6945441792,11.53
737,Comfort Systems,FIX,6929028096,194.01
738,Qualys,QLYS,6927445504,188.32
739,Ingredion,INGR,6918228480,106.12
740,Avis Budget Group,CAR,6872991744,189.75
741,Exelixis,EXEL,6841428480,22
742,Invesco,IVZ,6837715968,15.21
743,Onto Innovation,ONTO,6832075264,139.2
744,Southwestern Energy,SWN,6829051392,6.2
745,Brixmor Property Group,BRX,6826534912,22.71
746,GXO Logistics,GXO,6812552704,57.27
747,Commerce Bancshares,CBSH,6797901312,52.09
748,Instacart (Maplebear Inc.),CART,6761399296,24.44
749,Hasbro,HAS,6757807104,48.7
750,Acadia Healthcare,ACHC,6755780608,73.26
751,Dentsply Sirona,XRAY,6754096640,31.88
752,SPS Commerce,SPSC,6729606144,183.38
753,STAG Industrial,STAG,6727430656,36.22
754,MSA Safety,MSA,6720249344,170.95
755,First Industrial Realty Trust,FR,6711128576,49.46
756,Icahn Enterprises,IEP,6708412928,16.33
757,Catalent,CTLT,6702513152,37.18
758,American Battery Technology Company,ABAT,6687958016,9.83
759,Mattel,MAT,6676103168,18.9
760,SAIC,SAIC,6646819328,127.67
761,Stifel,SF,6632799744,65.03
762,SharkNinja,SN,6616141824,47.58
763,Parsons,PSN,6603811328,62.96
764,Eagle Materials,EXP,6595717120,189.06
765,Comerica,CMA,6589693952,49.97
766,Watts Water Technologies,WTS,6588256768,197.69
767,SiteOne Landscape Supply,SITE,6576124416,145.73
768,Cullen/Frost Bankers,CFR,6569321472,102.57
769,Ciena,CIEN,6556792320,44.35
770,Cognex,CGNX,6553445888,38.07
771,AppFolio,APPF,6544107008,182.99
772,H&amp;R Block,HRB,6538785792,45.43
773,Oshkosh Corporation,OSK,6529575424,99.82
774,Chord Energy,CHRD,6523638272,158.04
775,Starwood Property Trust,STWD,6515433984,20.17
776,Fluor Corporation,FLR,6503213568,38.17
777,Wayfair,W,6498879488,55.1
778,Wyndham Hotels &amp; Resorts,WH,6497576448,78.32
779,HealthSouth,EHC,6495617024,64.8
780,Arrow Electronics,ARW,6487213056,119.78
781,Civitas Resources,CIVI,6475081216,69.05
782,Phillips-Van Heusen,PVH,6456355840,108.26
783,Matador Resources,MTDR,6447586304,54.12
784,Landstar System,LSTR,6447328256,179.36
785,ShockWave Medical,SWAV,6427422208,174.2
786,Globus Medical,GMED,6408751616,46.51
787,Applied Industrial Technologies,AIT,6402376704,165.18
788,First American,FAF,6386904064,61.9
789,Murphy Oil,MUR,6385913344,41.34
790,Pinnacle Financial Partners,PNFP,6340013568,82.58
791,Concentrix,CNXC,6328830464,94.58
792,Elanco,ELAN,6307814912,12.8
793,Antero Resources,AR,6287380480,20.92
794,Crocs,CROX,6283179008,103.74
795,Ryman Hospitality Properties,RHP,6254465536,104.75
796,Grayscale Bitcoin Trust,GBTC,6240882176,35.51
797,MACOM,MTSI,6231444480,86.38
798,Pilgrim's Pride,PPC,6222841344,26.28
799,Weatherford International,WFRD,6215902208,86.19
800,Antero Midstream,AM,6207485952,12.94
801,Western Alliance Bancorporation,WAL,6194039296,56.58
802,New Relic,NEWR,6178351104,86.99
803,RLI Corp.,RLI,6135757312,134.48
804,Olin,OLN,6125048832,49.98
805,Selective Insurance,SIGI,6124891136,101.09
806,Whirlpool,WHR,6110075392,111.39
807,South State Corp,SSB,6074574336,79.86
808,Crane Co.,CR,6056007680,106.67
809,TKO Group,TKO,6053860864,73.77
810,Littelfuse,LFUS,6053148160,243.07
811,Healthcare Realty,HR,6048279040,15.88
812,AGNC Investment,AGNC,6046665216,9.01
813,The Ensign Group,ENSG,6023449600,106.7
814,Hexcel,HXL,6002182144,71.36
815,Smartsheet,SMAR,5985357824,44.16
816,Freshworks,FRSH,5982555136,20.26
817,Levi Strauss,LEVI,5968939008,15.03
818,Planet Fitness,PLNT,5963137536,67.65
819,Agree Realty,ADC,5940057600,58.89
820,Dillard's,DDS,5918199296,364.83
821,ADT,ADT,5918090752,6.42
822,Prosperity Bancshares,PB,5907793920,63.04
823,Mohawk Industries,MHK,5877867008,92.3
824,HealthEquity,HQY,5875659776,68.48
825,EnLink Midstream,ENLC,5856829952,12.82
826,Boyd Gaming,BYD,5844324352,59.72
827,Five9,FIVN,5844023808,80.39
828,Spirit Realty Capital,SRC,5838384128,41.31
829,Evercore,EVR,5830588416,154.77
830,Brunswick Corporation,BC,5828427264,84.7
831,Altair Engineering,ALTR,5826569216,71.35
832,Acuity Brands,AYI,5819115008,188.03
833,Intra-Cellular Therapies,ITCI,5802194944,60.29
834,Vornado Realty Trust,VNO,5796753920,27.97
835,TriNet,TNET,5795322368,114.74
836,Credit Acceptance,CACC,5794128384,461.07
837,AutoNation,AN,5787040256,136.1
838,Nextracker,NXT,5775185920,39.92
839,10x Genomics,TXG,5773327360,48.84
840,Zions Bancorporation,ZION,5767440384,38.93
841,Thor Industries,THO,5762115584,108.06
842,Meritage Homes,MTH,5743046144,157.56
843,Coherent,COHR,5738992200,41.38
844,Frontier Communications,FYBR,5736715264,23.34
845,FS KKR Capital,FSK,5732950528,20.47
846,ChampionX,CHX,5680368128,29.16
847,DoubleVerify,DV,5675832320,33.39
848,Immunovant,IMVT,5669303808,39.19
849,BridgeBio Pharma,BBIO,5657406976,32.52
850,Hamilton Lane,HLNE,5656165376,103.69
851,MSC Industrial Direct,MSM,5634280960,98.43
852,MKS Instruments,MKSI,5621806592,84.06
853,Insight Enterprises,NSIT,5615262720,172.37
854,Choice Hotels International,CHH,5608318464,112.62
855,Wintrust Financial,WTFC,5589667840,91.28
856,Banco Popular,BPOP,5586915328,77.43
857,Shift4 Payments,FOUR,5556078592,67.4
858,Masimo,MASI,5514518016,104.36
859,Novanta,NOVT,5510862336,153.89
860,Reynolds Consumer,REYN,5510636032,26.24
861,DT Midstream,DTM,5443952128,56.14
862,OneMain Financial,OMF,5423258112,45.23
863,Vaxcyte,PCVX,5392371712,56.67
864,Braze,BRZE,5366242304,54.09
865,Viper Energy Partners,VNOM,5360519680,30.14
866,Commercial Metals Company,CMC,5356672000,45.78
867,Sonoco,SON,5337644544,54.49
868,Aaon,AAON,5308541440,65.34
869,Option Care Health,OPCH,5296217088,29.9
870,Chart Industries,GTLS,5285256704,123.63
871,Vontier,VNT,5284191232,34.24
872,Bright Horizons,BFAM,5283243008,91.24
873,Halozyme Therapeutics,HALO,5277315072,39.95
874,Clearwater Analytics,CWAN,5271555072,19.25
875,NewMarket Corp,NEU,5266718720,549.18
876,Synovus,SNV,5239851008,35.83
877,MasTec,MTZ,5236218880,66.43
878,Timken Company,TKR,5235619328,74.21
879,Global Business Travel Group,GBTG,5220514304,6.06
880,Columbia Banking System,COLB,5193517568,24.9
881,Lyft,LYFT,5191397888,13.21
882,Maximus,MMS,5189701632,85.08
883,BOK Financial,BOKF,5178982912,78.87
884,Allegro MicroSystems,ALGM,5166002176,26.84
885,Taylor Morrison,TMHC,5165073408,48.07
886,Workiva,WK,5150774784,95.3
887,Post Holdings,POST,5140550144,86.66
888,FirstCash,FCFS,5140496384,113.96
889,Beacon Roofing Supply,BECN,5127970816,80.5
890,The AZEK Company,AZEK,5123678208,34.69
891,Bank OZK,OZK,5099039232,45.07
892,Cadence Bancorp,CADE,5081739776,27.82
893,Zurn Water Solutions,ZWS,5078915584,29.39
894,Polaris,PII,5074636800,89.86
895,Rithm Capital,RITM,5073746944,10.5
896,Allegheny Technologies,ATI,5071185920,39.75
897,Flowserve,FLS,5054170624,38.52
898,Valley Bank,VLY,5051455488,9.95
899,Sensata Technologies,ST,5049203200,33.36
900,Lantheus Holdings,LNTH,5048338944,73.71
901,Atkore,ATKR,5046526464,135.23
902,Idacorp,IDA,5044311040,99.66
903,Nexstar Media Group,NXST,5043164672,148.63
904,Terreno Realty,TRNO,5030083584,58.91
905,Element Solutions,ESI,5028363264,20.82
906,Iridium Communications,IRDM,5025873920,40.58
907,National Storage,NSA,5020738560,36.85
908,MGIC Investment,MTG,5013783040,18.08
909,Dutch Bros,BROS,5011576832,27.66
910,PBF Energy,PBF,5007796736,40.98
911,Wolfspeed,WOLF,4972896256,39.68
912,ESAB,ESAB,4951270912,82.15
913,Clearway Energy,CWEN,4928728064,24.88
914,Allison Transmission,ALSN,4911815168,54.89
915,Kite Realty,KRG,4893283840,22
916,Sealed Air,SEE,4883381248,33.81
917,Inspire Medical Systems,INSP,4874149888,165.09
918,Casella Waste Systems,CWST,4868807168,83.97
919,Brookfield Renewable,BEPC,4864976384,27.08
920,Leonardo DRS,DRS,4856468992,18.51
921,Columbia Sportswear,COLM,4848489984,80.13
922,UGI Corporation,UGI,4838046208,22.94
923,Mueller Industries,MLI,4835951616,42.6
924,Apartment Income REIT,AIRC,4818429952,32.78
925,Tenable,TENB,4811875328,41.15
926,EXL Service,EXLS,4794311680,29.07
927,United Bankshares,UBSI,4771230720,35.36
928,Macy's,M,4766129152,17.39
929,Home BancShares,HOMB,4763813376,23.61
930,Phillips Edison &amp; Company,PECO,4762394112,35.62
931,Varonis,VRNS,4752529920,43.62
932,GameStop,GME,4750742528,15.55
933,Old National Bank,ONB,4740460544,16.2
934,Rayonier,RYN,4736282112,31.42
935,Ryder,R,4720757760,106.51
936,Affiliated Managers Group,AMG,4696014336,138.9
937,Agilon Health,AGL,4689773568,11.55
938,Sprouts Farmers Market,SFM,4673837056,46.02
939,IPG Photonics,IPGP,4665034752,99.42
940,National Fuel Gas,NFG,4657597440,50.72
941,Installed Building Products,IBP,4650853888,163.71
942,Dun &amp; Bradstreet,DNB,4648586240,10.59
943,Blackbaud,BLKB,4623784448,85.86
944,F.N.B. Corporation,FNB,4614540800,12.86
945,DXC Technology,DXC,4600981504,23.76
946,Louisiana-Pacific,LPX,4600918016,63.8
947,Valmont Industries,VMI,4594469376,219.93
948,Flowers Foods,FLO,4581304320,21.7
949,Lancaster Colony Corporation,LANC,4579379200,166.42
950,Valvoline,VVV,4579282432,35.05
951,Joby Aviation,JOBY,4574815744,6.57
952,Kilroy Realty,KRC,4568670208,38.59
953,Denbury,DEN,4561273344,88.66
954,Alaska Airlines,ALK,4559967232,35.61
955,Doximity,DOCS,4556604928,24.51
956,Hanover Insurance Group,THG,4536818176,126.86
957,PowerSchool,PWSC,4535594496,22.46
958,Patterson-UTI Energy,PTEN,4527520768,10.85
959,Sunoco,SUN,4515136512,53.71
960,Silgan Holdings,SLGN,4506995200,42.32
961,Blueprint Medicines,BPMC,4497222144,73.98
962,KB Home,KBH,4493404672,56.65
963,Stericycle,SRCL,4482758656,48.45
964,Harley-Davidson,HOG,4470566912,32.1
965,Alcoa,AA,4465369600,25.02
966,Syneos Health,SYNH,4457842688,42.98
967,Power Integrations,POWI,4455930368,78.37
968,Ollie's Bargain Outlet,OLLI,4455050240,72.2
969,Boise Cascade,BCC,4430890496,111.92
970,Asbury Automotive Group,ABG,4428462592,215.21
971,Hostess Brands,TWNK,4426468864,33.3
972,Nuvalent,NUVL,4425443328,70.66
973,Badger Meter,BMI,4423164928,150.72
974,Air Lease Corporation,AL,4415543808,39.77
975,Federal Signal,FSS,4411854848,72.41
976,QuidelOrtho,QDEL,4411370496,66.02
977,Restoration Hardware,RH,4409276928,242.01
978,Enact Holdings,ACT,4398220800,27.54
979,R1 RCM,RCM,4383346688,10.46
980,Pegasystems,PEGA,4380835840,52.43
981,American Equity Investment Life Holding,AEL,4376393728,55.38
982,FTAI Aviation,FTAI,4375461888,43.87
983,Vertex,VERX,4372339712,28.58
984,Insperity,NSP,4371150336,117.25
985,Southwest Gas,SWX,4364933120,61.03
986,Huntsman Corporation,HUN,4351946240,24.97
987,Summit Materials,SUM,4350769152,36.42
988,Alight,ALIT,4350585856,7.96
989,Western Union,WU,4350446592,11.94
990,National Beverage,FIZZ,4350232576,46.58
991,Magnolia Oil &amp; Gas,MGY,4333556736,20.93
992,Equitrans Midstream,ETRN,4328276992,9.99
993,Asana,ASAN,4326080512,19.44
994,Kirby Corporation,KEX,4323165184,73.15
995,New Jersey Resources,NJR,4312813568,44.14
996,Haemonetics,HAE,4304993280,84.84
997,ASGN,ASGN,4304167936,91.19
998,Cabot Corporation,CBT,4301941760,77.78
999,Portland General Electric,POR,4301815296,42.54
1000,Avnet,AVT,4298056704,47.5
1001,Balchem,BCPC,4292257792,133.13
1002,Hilton Grand Vacations,HGV,4291284224,39.74
1003,Chemours,CC,4289858048,28.9
1004,Ashland,ASH,4278663936,83.47
1005,Ormat Technologies,ORA,4265827840,70.68
1006,H.B. Fuller,FUL,4259054848,78.84
1007,Teradata,TDC,4247453952,43.43
1008,Franklin Electric,FELE,4246091776,92.05
1009,Cirrus Logic,CRUS,4232586240,78.53
1010,Kyndryl,KD,4224432128,18.41
1011,Exponent,EXPO,4222920448,83.42
1012,Grand Canyon Education,LOPE,4221576960,140.67
1013,Boston Beer Company,SAM,4218486272,346.03
1014,Mr. Cooper Group,COOP,4215059200,64
1015,Interparfums,IPAR,4214110208,131.77
1016,IAC/InterActiveCorp,IAC,4212722944,49.07
1017,Glacier Bancorp,GBCI,4207972096,37.95
1018,Schneider,SNDR,4206496768,23.84
1019,Euronet Worldwide,EEFT,4188745472,90.82
1020,Synaptics,SYNA,4184589312,106.75
1021,Academy Sports,ASO,4149512192,55.96
1022,SM Energy,SM,4137288960,35.57
1023,Lincoln National Corporation,LNC,4127876352,24.33
1024,Aurora Innovation,AUR,4118630912,2.71
1025,Madrigal Pharmaceuticals,MDGL,4112778496,208.32
1026,MSG Sports,MSGS,4088388864,170.82
1027,Armstrong World Industries,AWI,4076074496,92.26
1028,HashiCorp,HCP,4075929856,20.81
1029,First Financial Bankshares,FFIN,4070060544,28.52
1030,Sotera Health,SHC,4069771264,14.4
1031,SPX Corporation,SPXC,4054464256,88.82
1032,Surgery Partners,SGRY,4045246208,31.98
1033,Merit Medical,MMSI,4032139776,69.82
1034,Revolution Medicines,RVMD,4027768064,24.59
1035,Envista,NVST,4019377152,23.45
1036,Axcelis Technologies,ACLS,4017790976,122.69
1037,GATX,GATX,4013829632,113.13
1038,PennyMac,PFSI,4001552896,80.15
1039,Insmed,INSM,4000013312,27.96
1040,YETI Holdings,YETI,3986547968,45.9
1041,American Eagle Outfitters,AEO,3984341504,20.17
1042,Alpha Metallurgical Resources,AMR,3976047360,299.32
1043,Abercrombie &amp; Fitch,ANF,3964392704,78.65
1044,Simply Good Foods,SMPL,3963239424,39.79
1045,Mirati Therapeutics,MRTX,3962643456,56.49
1046,Goodyear,GT,3961165568,13.97
1047,Radian Group,RDN,3956122880,25.83
1048,Wendy’s Company,WEN,3945734656,19.13
1049,Neogen,NEOG,3932534272,18.18
1050,MDU Resources,MDU,3932249600,19.31
1051,Instructure Holdings,INST,3928496384,27.15
1052,Group 1 Automotive,GPI,3911824128,283
1053,Fluence Energy,FLNC,3901215488,21.93
1054,Silicon Labs,SLAB,3873578752,121.89
1055,Apple Hospitality REIT,APLE,3866838272,16.9
1056,Jackson Financial,JXN,3848599552,48.41
1057,EngageSmart,ESMT,3842697216,22.86
1058,Hancock Whitney,HWC,3839758848,44.57
1059,CorVel Corporation,CRVL,3838906112,224.42
1060,Skyline Champion,SKY,3826391552,66.41
1061,NCR Corporation,NCR,3815571968,27.08
1062,Sallie Mae,SLM,3814929408,16.86
1063,Essential Properties Realty Trust,EPRT,3806411008,24.31
1064,Brink's,BCO,3794654208,84.23
1065,Arcosa,ACA,3792065024,77.77
1066,PJT Partners,PJT,3781924864,97.07
1067,Squarespace,SQSP,3777246720,27.78
1068,Paycor,PYCR,3773766144,21.25
1069,TFS Financial,TFSL,3770828544,13.45
1070,Howard Hughes Holdings,HHH,3770440448,75.29
1071,BlackLine,BL,3741746688,61.07
1072,Acushnet Holdings,GOLF,3738950656,57.19
1073,Marathon Digital Holdings,MARA,3735647488,16.78
1074,EnerSys,ENS,3734896640,92.45
1075,ManpowerGroup,MAN,3719230464,76.2
1076,UMB Financial,UMBF,3701443840,76.27
1077,Northern Oil and Gas,NOG,3697689344,36.79
1078,MDC Holdings,MDC,3678572288,49.27
1079,Black Hills,BKH,3678345472,54.1
1080,Freshpet,FRPT,3677377280,76.25
1081,Plains GP,PAGP,3671147520,15.36
1082,CAVA Group,CAVA,3661948416,32.24
1083,PNM Resources,PNM,3660000000,42.64
1084,Blackstone Mortgage Trust,BXMT,3649271808,21.18
1085,U.S. Cellular,USM,3636299776,42.78
1086,Inari Medical,NARI,3631080960,63.05
1087,Penn National Gaming,PENN,3620969984,23.86
1088,Under Armour,UA,3601467648,7.97
1089,Advanced Energy,AEIS,3590876928,96.32
1090,Helmerich &amp; Payne,HP,3573402624,35.94
1091,Moelis &amp; Company,MC,3572695296,53.59
1092,PotlatchDeltic,PCH,3570586368,44.99
1093,Remitly,RELY,3567994624,19.27
1094,Verra Mobility,VRRM,3564109056,21.43
1095,Main Street Capital,MAIN,3528185344,42.13
1096,Allete,ALE,3526238464,61.35
1097,Herc Holdings,HRI,3515653888,124.37
1098,Seaboard,SEB,3513276928,3618
1099,AeroVironment,AVAV,3510979072,124.79
1100,Leggett &amp; Platt,LEG,3488958208,26.17
1101,Newell Brands,NWL,3487564032,8.42
1102,Quaker Houghton,KWR,3487451904,193.91
1103,Rapid7,RPD,3487117312,56.75
1104,Progyny,PGNY,3475020544,36.26
1105,Terex,TEX,3459892992,51.41
1106,Matson,MATX,3457157632,98.96
1107,Box,BOX,3455639296,23.99
1108,ACADIA Pharmaceuticals,ACAD,3444496384,20.98
1109,California Resources Corporation,CRC,3444027648,50.19
1110,Virtu Financial,VIRT,3430710440,18.83
1111,ScottsMiracle-Gro,SMG,3427105536,60.6
1112,Black Stone Minerals,BSM,3422853376,16.3
1113,Visteon,VC,3417996544,122.9
1114,Brighthouse Financial,BHF,3417621504,53.23
1115,ONE Gas,OGS,3413199872,61.55
1116,QuantumScape,QS,3412240128,6.97
1117,EPR Properties,EPR,3410161920,45.27
1118,Cousins Properties,CUZ,3409405696,22.46
1119,RLJ Lodging Trust,RLJ,3374993152,10.79
1120,Independence Realty Trust,IRT,3372205312,14.62
1121,Cogent Communications,CCOI,3367198208,69.25
1122,CONMED,CNMD,3363368192,109.37
1123,AllianceBernstein,AB,3357263872,30.03
1124,Urban Outfitters,URBN,3350441216,36.11
1125,Spirit AeroSystems,SPR,3348510464,28.86
1126,Advance Auto Parts,AAP,3348177664,56.27
1127,Spire Energy,SR,3343757312,62.88
1128,Cytokinetics,CYTK,3343627520,34.1
1129,C3 AI,AI,3341570560,28.27
1130,John Bean Technologies,JBT,3341153280,104.94
1131,UniFirst,UNF,3340307456,178.46
1132,CLEAR Secure,YOU,3334910208,21.78
1133,nCino,NCNO,3324978688,29.39
1134,Ultragenyx,RARE,3322348544,40.46
1135,Axsome Therapeutics,AXSM,3320882432,70.18
1136,Avient,AVNT,3320098048,36.42
1137,SeaWorld Entertainment,SEAS,3314856960,51.84
1138,Sitio Royalties,STR,3311761664,21.07
1139,Diodes Incorporated,DIOD,3309847552,72.05
1140,Commvault,CVLT,3294947584,75.24
1141,J&amp;J Snack Foods,JJSF,3293800192,170.29
1142,Amicus Therapeutics,FOLD,3290220288,11.22
1143,Marqeta,MQ,3287661568,6.3
1144,United Community Bank,UCBI,3270760192,27.49
1145,Sabra Health Care REIT,SBRA,3269450752,14.14
1146,Riot Blockchain,RIOT,3269132544,15.83
1147,Carpenter Technology,CRS,3254222336,66
1148,WD-40 Company,WDFC,3247371776,239.54
1149,Ameris Bancorp,ABCB,3245448448,47
1150,Rush Enterprises,RUSHA,3239185408,40.6
1151,Azenta,AZTA,3232062720,57.6
1152,Evolent Health,EVH,3230375936,28.1
1153,Integra LifeSciences,IART,3226315264,41.27
1154,Broadstone Net Lease,BNL,3219324928,16.38
1155,BGC Group,BGC,3216368128,6.39
1156,Vishay Intertechnology,VSH,3199711488,23.13
1157,RingCentral,RNG,3197713664,34.11
1158,Nelnet,NNI,3197139712,85.66
1159,M/I Homes,MHO,3195058432,114.73
1160,Itron,ITRI,3194959616,70.23
1161,Park Hotels &amp; Resorts,PK,3187557120,15.18
1162,CNX Resources,CNX,3185002496,20.05
1163,Dycom Industries,DY,3184672512,108.55
1164,Teladoc Health,TDOC,3180349696,19.21
1165,NorthWestern Corporation,NWE,3176632832,51.87
1166,Otter Tail,OTTR,3168329472,75.96
1167,Coursera,COUR,3160794368,20.72
1168,CONSOL Energy,CEIX,3154327040,101.72
1169,Sprout Social,SPT,3149662464,56.25
1170,St. Joe Company,JOE,3146834432,53.91
1171,Upstart,UPST,3140315136,36.92
1172,Kadant,KAI,3137034496,267.96
1173,AmTrust Financial Services,AFFS,3133560832,15.85
1174,Walker &amp; Dunlop,WD,3125252096,93.43
1175,Jfrog,FROG,3122486016,29.77
1176,Physicians Realty Trust,DOC,3121156096,12.57
1177,Curaleaf,CURLF,3120294400,4.17
1178,Alteryx,AYX,3116722176,43.42
1179,Bloom Energy,BE,3116521472,13.91
1180,Cohen &amp; Steers,CNS,3114404608,63.38
1181,Tidewater,TDW,3106569472,58.79
1182,Glaukos,GKOS,3105118720,63.63
1183,Peabody Energy,BTU,3100515072,23.65
1184,Gates Industrial Corp,GTES,3095357440,11.72
1185,ServisFirst Bancshares,SFBS,3090286336,56.77
1186,Sprinklr,CXM,3084001280,11.26
1187,Amedisys,AMED,3057740032,93.7
1188,Tri Pointe Homes,TPH,3045497856,31.38
1189,Kontoor Brands,KTB,3043843328,54.18
1190,Guardant Health,GH,3037114112,25.74
1191,BancFirst,BANF,3035353088,92.2
1192,Tegna,TGNA,3031337472,15.39
1193,Encore Wire,WIRE,3027945216,191.93
1194,ACI Worldwide,ACIW,3025761024,27.83
1195,International Bancshares Corp,IBOC,3025351936,48.75
1196,CVR Energy,CVI,3024977920,30.09
1197,Belden,BDC,3024416768,72.56
1198,Warrior Met Coal,HCC,3024378880,58.14
1199,Kemper,KMPR,3021706752,47.15
1200,California Water Service,CWT,3020016640,52.33
1201,American States Water,AWR,3016877312,81.58
1202,Arch Resources,ARCH,3014467840,164.1
1203,Krystal Biotech,KRYS,3014125312,106.86
1204,Greif,GEF,3013245184,64.36
1205,Liberty Energy,LBRT,3011339008,17.86
1206,ViaSat,VSAT,3010579200,24.18
1207,Select Medical Holdings,SEM,3010464768,23.48
1208,Macerich,MAC,3005532672,13.39
1209,Yelp,YELP,3001163008,43.83
1210,Integer Holdings,ITGR,2984063744,89.54
1211,Earthstone Energy,ESTE,2978682624,21.17
1212,MP Materials,MP,2976623104,16.74
1213,First Interstate BancSystem,FIBK,2971443200,28.3
1214,CNO Financial Group,CNO,2971409664,26.49
1215,Crestwood Equity Partners,CEQP,2970012928,28.26
1216,Graham Holdings,GHC,2961319168,651.65
1217,Cable One,CABO,2956646912,526.4
1218,Prestige Consumer Healthcare,PBH,2956276224,59.58
1219,Associated Banc-Corp,ASB,2952386304,19.56
1220,Lumentum,LITE,2950001152,44.03
1221,LCI Industries,LCII,2940692736,116.12
1222,StepStone Group,STEP,2938077952,26
1223,Steve Madden,SHOO,2929117696,39.26
1224,Kosmos Energy,KOS,2917224192,6.34
1225,Piper Sandler,PIPR,2914114816,164.55
1226,FormFactor,FORM,2912069120,37.41
1227,Ziff Davis,ZD,2908538624,63.25
1228,Grocery Outlet,GO,2903624192,29.25
1229,CBIZ,CBZ,2901789696,58.22
1230,Cathay General Bancorp,CATY,2901596928,39.94
1231,Hecla Mining,HL,2899512832,4.69
1232,Hertz,HTZ,2887286016,9.38
1233,Korn Ferry,KFY,2881336320,54.72
1234,Ginkgo Bioworks,DNA,2881078272,1.36
1235,Axos Financial,AX,2880836864,49.9
1236,Axonics Modulation Tech,AXNX,2878614784,56.82
1237,Marriott Vacations Worldwide,VAC,2872631040,80.88
1238,HASI (Hannon Armstrong),HASI,2870614784,25.51
1239,Structure Therapeutics,GPCR,2869926400,61.87
1240,Tanger Factory Outlet Centers,SKT,2864367872,26.6
1241,GMS,GMS,2862494464,71.89
1242,ABM Industries,ABM,2861790976,43.67
1243,Hillenbrand,HI,2854191616,40.82
1244,Corporate Office Properties Trust,OFC,2853061120,24.94
1245,Douglas Emmett,DEI,2851095808,14.31
1246,Hagerty,HGTY,2849430784,8.49
1247,Alarm.com,ALRM,2847804928,56.97
1248,CSW Industrials,CSWI,2838469376,182.53
1249,SITE Centers,SITC,2833980416,13.53
1250,Sanmina,SANM,2830582272,49.8
1251,LGI Homes,LGIH,2826961152,119.97
1252,EnPro Industries,NPO,2825844224,135.16
1253,Genworth Financial,GNW,2818781184,6.25
1254,Organon,OGN,2816778240,11.02
1255,Travel + Leisure,TNL,2810632192,38.81
1256,Medical Properties Trust,MPW,2809309952,4.69
1257,Sunrun,RUN,2808460544,12.89
1258,IonQ,IONQ,2802411264,13.69
1259,Life Time Group,LTH,2796864000,14.24
1260,Plexus,PLXS,2794167040,101.73
1261,Globalstar,GSAT,2792999936,1.47
1262,Livent,LTHM,2789393920,15.52
1263,Federated Hermes,FHI,2787755008,32.32
1264,Modine Manufacturing,MOD,2787649280,53.36
1265,Frontdoor,FTDR,2785166848,34.98
1266,Albany International,AIN,2780855808,89.13
1267,Texas Capital Bancshares,TCBI,2771737600,57.72
1268,Calix,CALX,2759827456,41.9
1269,SL Green Realty,SLG,2750101504,42.49
1270,ESCO Technologies,ESE,2746577920,106.44
1271,Credo Technology,CRDO,2746432000,18.21
1272,Brady,BRC,2745206528,56.8
1273,InterDigital,IDCC,2740989184,106.64
1274,Arcellx,ACLX,2737138176,56.22
1275,Corcept Therapeutics,CORT,2735769856,26.54
1276,CVB Financial,CVBF,2733811712,19.62
1277,iRhythm,IRTC,2732825344,89.16
1278,Kohl's,KSS,2729050880,24.65
1279,Goosehead Insurance,GSHD,2726276352,71.2
1280,Innospec,IOSP,2724794368,109.58
1281,Hayward,HAYW,2724662272,12.75
1282,Amphastar Pharmaceuticals,AMPH,2719703040,56.77
1283,Red Rock Resorts,RRR,2719627520,46.57
1284,Green Thumb Industries,GTII.CN,2719049915,11.37
1285,Avista,AVA,2718697472,35.14
1286,Cactus Inc,WHD,2710255616,41.49
1287,Enovis,ENOV,2704045824,49.53
1288,Independent Bank Corp (Massachusetts),INDB,2701363200,61.6
1289,LXP Industrial Trust,LXP,2696906496,9.19
1290,DigitalBridge Group,DBRG,2696281600,16.5
1291,CareTrust REIT,CTRE,2689549056,22.58
1292,Artisan Partners,APAM,2687816448,39.25
1293,First Hawaiian Bank,FHB,2684956672,21.04
1294,Griffon Corporation,GFF,2681787136,51.41
1295,Carter's,CRI,2676058112,72.67
1296,Appian,APPN,2675754752,36.54
1297,DigitalOcean,DOCN,2670576128,31.05
1298,Foot Locker,FL,2654421248,28.19
1299,Nordstrom,JWN,2654144512,16.35
1300,Dream Finders Homes,DFH,2649862144,28.46
1301,Flywire,FLYW,2648017408,21.81
1302,Biohaven Pharmaceutical,BHVN,2647560704,33.06
1303,Fox Factory Holding,FOXF,2644992000,62.41
1304,Bumble,BMBL,2643282688,14.04
1305,ICF International,ICFI,2633236992,139.94
1306,Kratos Defense &amp; Security Solutions,KTOS,2629066240,20.39
1307,Certara,CERT,2626253312,16.43
1308,MGE Energy,MGEE,2625462784,72.6
1309,Spectrum Brands,SPB,2622678272,74.28
1310,Empire State Realty Trust,ESRT,2613407744,9.33
1311,Stride (K12 Education),LRN,2611494144,60.25
1312,Bank of Hawaii,BOH,2610819328,65.68
1313,Helen of Troy,HELE,2610034944,109.93
1314,Community Bank System,CBU,2603081728,48.76
1315,Uranium Energy,UEC,2600615424,6.74
1316,Intellia Therapeutics,NTLA,2598883072,29.02
1317,Fannie Mae,FNMAL,2596236800,3.47
1318,AMN Healthcare Services,AMN,2595733248,68.69
1319,Sensient Technologies,SXT,2592851712,61.37
1320,Holly Energy Partners,HEP,2585698048,20.45
1321,Shake Shack,SHAK,2579600384,60.98
1322,SiTime,SITM,2578219264,114.81
1323,Evertec,EVTC,2575235840,39.14
1324,Arbor Realty Trust,ABR,2573052160,13.65
1325,Arrowhead Pharmaceuticals,ARWR,2572996608,23.95
1326,Hub Group,HUBG,2561047552,80.62
1327,Resideo Technologies,REZI,2559461888,17.52
1328,Worthington Industries,WOR,2556729344,51.17
1329,Cavco Industries,CVCO,2554386944,306.82
1330,Werner Enterprises,WERN,2552912640,40.27
1331,ArcBest,ARCB,2549806336,107.76
1332,Denali Therapeutics,DNLI,2538678784,18.37
1333,Atlantic Union Bankshares,AUB,2537798144,33.83
1334,Fulton Financial,FULT,2533467392,15.43
1335,LifeStance Health Group,LFST,2532880896,6.69
1336,Cal-Maine Foods,CALM,2532400384,51.7
1337,Pacific Premier Bancorp,PPBI,2528883200,26.37
1338,Savers Value Village,SVV,2523925504,15.73
1339,McGrath RentCorp,MGRC,2522653184,103.01
1340,WSFS Financial,WSFS,2519159296,41.48
1341,Premier,PINC,2513112064,21
1342,Gulfport Energy,GPOR,2511689216,134.85
1343,Intapp,INTA,2507608832,36
1344,Privia Health Group,PRVA,2506498560,21.23
1345,Century Communities,CCS,2492717312,78.45
1346,Golub Capital,GBDC,2481175040,14.63
1347,TripAdvisor,TRIP,2480803840,17.91
1348,Comstock Resources,CRK,2475233792,8.89
1349,Innovative Industrial,IIPR,2464137472,87.88
1350,Patterson Companies,PDCO,2462929408,26.58
1351,Alliance Resource Partners,ARLP,2459868672,19.35
1352,RadNet,RDNT,2459146240,36.22
1353,AAR,AIR,2453002496,69.5
1354,Opendoor,OPEN,2452313344,3.66
1355,Mister Car Wash,MCW,2449746176,7.8
1356,Dish Network,DISH,2442162432,4.57
1357,RXO,RXO,2431280896,20.78
1358,NextEra Energy Partners,NEP,2428310528,25.99
1359,Plug Power,PLUG,2428063232,4.01
1360,GoodRx,GDRX,2424608000,5.97
1361,CarGurus,CARG,2423887616,21.59
1362,Rogers Corporation,ROG,2421448192,130.07
1363,NuStar Energy,NS,2407131648,19.12
1364,Array Technologies,ARRY,2390725120,15.81
1365,National Health Investors,NHI,2387973120,55.01
1366,Adtalem Global Education,ATGE,2387320320,59.94
1367,TG Therapeutics,TGTX,2380165120,15.72
1368,TransMedics Group,TMDX,2380017408,72.9
1369,O-I Glass,OI,2376606720,15.36
1370,Materion,MTRN,2372431104,114.93
1371,Topgolf Callaway Brands,MODG,2371043328,12.85
1372,Prospect Capital,PSEC,2367927040,5.77
1373,CymaBay Therapeutics,CBAY,2367854592,20.88
1374,Dorman Products,DORM,2355939584,74.82
1375,Braves Group,BATRK,2349351680,37.16
1376,Primo Water,PRMW,2344891648,14.71
1377,NeoGenomics,NEO,2337726464,18.34
1378,Hercules Capital,HTGC,2336609024,15.46
1379,USA Compression Partners,USAC,2334606080,23.75
1380,Rocket Lab,RKLB,2332257792,4.8
1381,Progress Software,PRGS,2328129536,53.44
1382,Envestnet,ENV,2326718720,42.57
1383,Highwoods Properties,HIW,2325106944,21.52
1384,ACV Auctions,ACVA,2316649728,14.35
1385,Green Brick Partners,GRBK,2312029440,50.95
1386,Alamo Group,ALG,2307706880,192.12
1387,Veritiv,VRTV,2306305280,169.99
1388,Ambarella,AMBA,2305757440,57.82
1389,TreeHouse Foods,THS,2304350976,41.67
1390,Schrödinger,SDGR,2301447936,31.95
1391,Papa John's Pizza,PZZA,2297498880,70.14
1392,Pacific Biosciences,PACB,2297344000,8.59
1393,Udemy,UDMY,2296868352,14.98
1394,ImmunityBio,IBRX,2290228224,3.43
1395,Tootsie Roll Industries,TR,2280201984,34.12
1396,Eastern Bankshares,EBC,2279437056,12.92
1397,Archrock,AROC,2278446848,14.6
1398,NMI Holdings,NMIH,2278367744,28.1
1399,AvidXchange,AVDX,2275257600,11.2
1400,Rocket Pharmaceuticals,RCKT,2274708992,25.23
1401,First Advantage,FA,2272579072,15.66
1402,SpringWorks Therapeutics,SWTX,2269940480,31.5
1403,Shoals Technologies,SHLS,2260057344,13.29
1404,eXp World Holdings,EXPI,2259307264,14.69
1405,Fastly,FSLY,2258916096,17.27
1406,Galaxy Digital Holdings,7LX.F,2247128133,6.81
1407,LiveRamp,RAMP,2247023872,34.3
1408,Boot Barn Holdings,BOOT,2244332544,74.11
1409,Perficient,PRFT,2241029632,64.45
1410,MYR Group,MYRG,2237401856,133.9
1411,Seacoast Banking,SBCF,2234333440,26.24
1412,Impinj,PI,2233734912,82.56
1413,Q2,QTWO,2232820992,38.08
1414,N-Able,NABL,2229880064,12.19
1415,Chesapeake Utilities,CPK,2229311232,100.26
1416,Sovos Brands,SOVO,2228966400,21.97
1417,Simmons First National,SFNC,2226756608,17.79
1418,Construction Partners,ROAD,2226453504,42.24
1419,Strategic Education,STRA,2223302656,91.06
1420,Crinetics Pharmaceuticals,CRNX,2222412800,33.27
1421,Integral Ad Science,IAS,2220710656,14.03
1422,LiveWire Group,LVWR,2215831296,10.94
1423,Energizer Holdings,ENR,2214009600,30.93
1424,Central Garden &amp; Pet,CENT,2213323776,44.89
1425,BankUnited,BKU,2212123392,29.74
1426,Pactiv Evergreen,PTVE,2209285376,12.38
1427,Krispy Kreme,DNUT,2206895360,13.09
1428,Extreme Networks,EXTR,2204734208,17.01
1429,Four Corners Property Trust,FCPT,2196264704,24.22
1430,Getty Images,GETY,2191588096,5.37
1431,International Seaways,INSW,2175472384,44.48
1432,Trinity Industries,TRN,2174507008,26.56
1433,Navient,NAVI,2172711936,18.48
1434,Victory Capital,VCTR,2167751680,32.85
1435,Sylvamo,SLVM,2166609920,52.14
1436,SJW Group,SJW,2157393408,67.56
1437,Rhythm Pharmaceuticals,RYTM,2156431360,36.49
1438,Delek Logistics Partners,DKL,2154533888,49.42
1439,First Financial Bank,FFBC,2154506496,22.65
1440,Mercury General,MCY,2153382144,38.89
1441,Beam Therapeutics,BEAM,2151708160,26.4
1442,Mercury Systems,MRCY,2150573056,36.28
1443,Peloton,PTON,2148281856,5.96
1444,Jamf,JAMF,2147337728,17.07
1445,Laureate Education,LAUR,2146486016,13.64
1446,Mueller Water Products,MWA,2145409280,13.71
1447,Alkami Technology,ALKT,2144686848,22.49
1448,Sterling Construction,STRL,2142946432,69.49
1449,TowneBank,TOWN,2141908480,28.6
1450,Gibraltar Industries,ROCK,2139983232,70.31
1451,Urban Edge Properties,UE,2134361472,17.41
1452,Agilysys,AGYS,2133133312,84.07
1453,Bloomin' Brands,BLMN,2132151808,24.56
1454,Six Flags,SIX,2128522752,25.48
1455,Granite Construction,GVA,2124614400,48.36
1456,Buckle,BKE,2121229056,42.05
1457,PriceSmart,PSMT,2118873472,70.25
1458,Global Net Lease,GNL,2118835072,9.1
1459,The Bancorp,TBBK,2108132480,39.29
1460,Telephone and Data Systems,TDS,2100670080,18.59
1461,Newmark,NMRK,2099119232,8.68
1462,Winnebago Industries,WGO,2099060096,70.19
1463,Outfront Media,OUT,2097785472,12.71
1464,Driven Brands,DRVN,2097035648,12.79
1465,Paymentus,PAY,2090479232,16.9
1466,Hilltop Holdings,HTH,2089343872,32.06
1467,Sunstone Hotel Investors,SHO,2085256576,10.15
1468,ICU Medical,ICUI,2082083584,86.25
1469,OSI Systems,OSIS,2079136768,122.39
1470,Indivior PLC,INDV,2078928512,15.15
1471,Minerals Technologies,MTX,2077602560,63.84
1472,First Merchants Corporation,FRME,2049158016,34.24
1473,Mirion Technologies,MIR,2046757120,9.39
1474,MillerKnoll,MLKN,2044308224,27.82
1475,Equity Commonwealth,EQC,2043534720,19.15
1476,Tronox,TROX,2039889920,13.01
1477,Victoria's Secret &amp; Co,VSCO,2032665984,26.25
1478,Callon Petroleum,CPE,2031858432,29.98
1479,Par Pacific Holdings,PARR,2029764864,33.55
1480,LegalZoom,LZ,2029687296,10.8
1481,PagerDuty,PD,2028063104,22.07
1482,Masonite,DOOR,2028039040,92.58
1483,Archer Aviation,ACHR,2024235776,6.73
1484,Sonos,SONO,2023675520,16.17
1485,Cushman &amp; Wakefield,CWK,2020279168,8.89
1486,Park National Corp,PRK,2009727488,124.7
1487,StoneX Group,SNEX,2008215808,64.15
1488,Cedar Fair,FUN,2007448064,39.35
1489,SkyWest,SKYW,2006650624,49.01
1490,PTC Therapeutics,PTCT,1991471232,26.39
1491,IDEAYA Biosciences,IDYA,1991153920,30.89
1492,AssetMark,AMK,1989570176,26.79
1493,PROCEPT BioRobotics,PRCT,1985604992,39.32
1494,Kinetik,KNTK,1981200000,34.7
1495,WaFd Bank,WAFD,1980669952,30.56
1496,Stepan Company,SCL,1975041536,88.3
1497,Dana,DAN,1973100416,13.67
1498,Enovix,ENVX,1973022336,11.76
1499,Huron Consulting,HURN,1969467008,105.05
1500,Atmus Filtration Technologies,ATMU,1959997312,23.53
1501,Rover,ROVR,1959545728,10.86
1502,Kennametal,KMT,1955056896,24.56
1503,Oceaneering International,OII,1951043328,19.37
1504,Patrick Industries,PATK,1944719616,87.86
1505,MGP Ingredients,MGPI,1938517632,88.05
1506,SolarWinds,SWI,1927130496,11.62
1507,Neumora Therapeutics,NMRA,1921003776,12.58
1508,Upwork,UPWK,1913706624,14.06
1509,EverCommerce,EVCM,1913002368,10.14
1510,CleanSpark,CLSK,1910315008,10.34
1511,Dave & Buster's,PLAY,1900542592,47.29
1512,VIAVI Solutions,VIAV,1897029376,8.53
1513,PGT Innovations,PGTI,1886640128,33.07
1514,Arvinas,ARVN,1879671040,34.16
1515,HNI Corporation,HNI,1879012992,40.34
1516,Veracyte,VCYT,1871277056,25.62
1517,Eve Air Mobility,EVEX,1866657920,6.93
1518,ePlus,PLUS,1865310336,69.26
1519,Payoneer,PAYO,1856075136,5.13
1520,Sixth Street Specialty Lending,TSLX,1850732928,21.14
1521,Viking Therapeutics,VKTX,1848535936,18.48
1522,Xerox,XRX,1848506240,15.04
1523,NBT Bancorp,NBTB,1835015552,38.97
1524,Hims &amp; Hers Health,HIMS,1831628288,8.64
1525,HighPeak Energy,HPK,1828715008,14.24
1526,Oscar Health,OSCR,1822454784,8.06
1527,Ready Capital,RC,1822327552,10.5
1528,Harmony Biosciences,HRMY,1815728896,31
1529,Federal Agricultural Mortgage,AGM,1813473536,172.12
1530,Diamondrock Hospitality Company,DRH,1812037248,8.6
1531,ProKidney,PROK,1811825920,1.8
1532,Jetblue Airways,JBLU,1803093376,5.41
1533,Verint Systems,VRNT,1798305408,27.98
1534,Claros Mortgage Trust,CMTG,1792378624,12.92
1535,The Andersons,ANDE,1790222080,53.04
1536,Cinemark Theatres,CNK,1788927232,14.71
1537,Independent Bank Group,IBTX,1769810688,42.87
1538,Excelerate Energy,EE,1768261376,16.33
1539,Brinker International,EAT,1757957248,39.77
1540,Donnelley Financial Solutions,DFIN,1756934784,60.36
1541,Renasant Corp,RNST,1756106112,31.28
1542,Office Depot,ODP,1754528000,46.94
1543,National Western Life,NWLI,1752598016,482.01
1544,Edgewell Personal Care,EPC,1743742592,34.86
1545,WesBanco,WSBC,1729398528,29.13
1546,Upbound Group,UPBD,1723863040,31.75
1547,PROS,PRO,1722774656,37.24
1548,Dynavax Technologies,DVAX,1720464000,13.31
1549,FB Financial,FBK,1719152768,36.7
1550,Celldex Therapeutics,CLDX,1718881536,31.43
1551,MeridianLink,MLNK,1717958528,21.75
1552,Primoris Services Corporation,PRIM,1714469760,32.13
1553,PC Connection,CNXN,1713164544,65.21
1554,Banner Bank,BANR,1712596224,49.86
1555,Vector Group,VGR,1709025536,10.96
1556,Vicor,VICR,1706446976,38.39
1557,Sonic Automotive,SAH,1702806656,50.25
1558,InvenTrust Properties,IVT,1702463872,25.21
1559,H&amp;E Equipment Services,HEES,1699294336,46.62
1560,OFG Bancorp,OFG,1694080768,36
1561,Atlas Energy Solutions,AESI,1694000000,16.94
1562,Zeta Global,ZETA,1692796160,7.9
1563,Retail Opportunity Investments,ROIC,1690946816,13.42
1564,The Cheesecake Factory,CAKE,1689221120,33.27
1565,Weis Markets,WMK,1684108800,62.61
1566,Expro Group,XPRO,1683321088,15.21
1567,Triumph Financial,TFIN,1681893632,72.21
1568,Owens &amp; Minor,OMI,1676136960,21.91
1569,John Wiley &amp; Sons,WLY,1673668992,30.48
1570,NexPoint Residential,NXRT,1668019968,32.31
1571,Bowlero,BOWL,1667193856,11.02
1572,Talos Energy,TALO,1666394496,13.43
1573,Myriad Genetics,MYGN,1660121728,18.52
1574,Ameresco,AMRC,1658445312,31.75
1575,Delek US,DK,1658435072,25.94
1576,Standex,SXI,1657971328,139.33
1577,American Assets Trust,AAT,1654252416,21.51
1578,Kennedy Wilson,KW,1651783552,11.85
1579,Acadia Realty Trust,AKR,1648145152,15.81
1580,IES Holdings,IESC,1647836544,81.61
1581,Semrush,SEMR,1647156608,11.5
1582,Live Oak Bank,LOB,1645822848,37
1583,Recursion Pharmaceuticals,RXRX,1640642432,7.6
1584,NV5 Global,NVEE,1637913600,103.04
1585,Iovance Biotherapeutics,IOVA,1637875200,6.4
1586,Ironwood Pharmaceuticals,IRWD,1636231808,10.48
1587,STAAR Surgical,STAA,1630504576,33.4
1588,Forward Air,FWRD,1630313216,63.53
1589,Tennant Company,TNC,1624990592,86.99
1590,Olaplex,OLPX,1623737856,2.48
1591,Cracker Barrel,CBRL,1623727488,73.19
1592,Grosvenor Capital Management,GCMG,1618380800,8.66
1593,AtriCure,ATRC,1618068736,34.14
1594,Pebblebrook Hotel Trust,PEB,1617136896,13.42
1595,Vericel,VCEL,1615951616,33.86
1596,Ingles Markets,IMKTA,1611105024,84.82
1597,Shutterstock,SSTK,1608495488,45.04
1598,NextGen Healthcare,NXGN,1606299776,23.94
1599,Veeco,VECO,1600667648,28.41
1600,Merchants Bancorp,MBIN,1599887360,37
1601,Dorian LPG,LPG,1598326912,39.36
1602,Janus International Group,JBI,1596020352,10.87
1603,Omnicell,OMCL,1590519552,34.98
1604,Spirit Airlines,SAVE,1588394368,14.55
1605,MaxLinear,MXL,1581462016,19.39
1606,Trustmark,TRMK,1580501888,25.88
1607,Apollo Commercial Real Estate,ARI,1578980096,11.17
1608,Customers Bancorp,CUBI,1576977792,50.2
1609,Jack in the Box,JACK,1569272960,79.51
1610,Vista Outdoor,VSTO,1569097344,27.02
1611,CoreCivic,CXW,1568885120,13.81
1612,Forestar Group,FOR,1567663616,31.41
1613,Enterprise Financial Services Corp,EFSC,1566460928,41.9
1614,Tandem Diabetes Care,TNDM,1565684864,24.01
1615,Cohu,COHU,1563392896,32.91
1616,Verano Holdings,VRNOF,1563057024,4.55
1617,Marten Transport,MRTN,1557880448,19.16
1618,Winmark,WINA,1557792000,446.68
1619,Twist Bioscience,TWST,1556039040,26.98
1620,Safehold,SAFE,1551362048,21.83
1621,Amneal Pharmaceuticals,AMRX,1551112576,5.06
1622,Hillman Solutions,HLMN,1549478912,7.95
1623,CSG International,CSGS,1549424896,52.22
1624,OPENLANE Corporate,KAR,1548978176,14.34
1625,Lakeland Financial Corp,LKFN,1547773312,60.86
1626,Enerpac Tool Group,EPAC,1547668736,28.48
1627,The Vita Coco Company,COCO,1545036160,27.2
1628,Madison Square Garden,MSGE,1544630784,32.2
1629,Mirum Pharmaceuticals,MIRM,1531745920,32.86
1630,Kimbell Royalty Partners,KRP,1530375808,14.87
1631,La-Z-Boy,LZB,1528511488,35.73
1632,Getty Realty,GTY,1525190144,28.94
1633,Cricut,CRCT,1523210624,6.95
1634,NETSCOUT,NTCT,1522866304,21.45
1635,RPC,RES,1522245120,7.04
1636,RayzeBio,RYZB,1521955328,25.4
1637,TTM Technologies,TTMI,1520383104,14.87
1638,Veris Residential,VRE,1517449088,14.97
1639,First National of Nebraska,FINN,1517104512,12900
1640,Bread Financial,BFH,1513956096,30.69
1641,Alignment Healthcare,ALHC,1512800000,8
1642,Ingevity,NGVT,1512294528,41.74
1643,Palomar Holdings,PLMR,1510093184,61.06
1644,Northwest Bank,NWBI,1508724480,11.87
1645,Catalyst Pharmaceuticals,CPRX,1508545664,14.15
1646,City Holding Company,CHCO,1506762496,101.59
1647,Genesis Energy  L.P.,GEL,1503857920,12.28
1648,Lumen,LUMN,1503260928,1.49
1649,POINT Biopharma,PNT,1498360192,14.06
1650,Gentherm,THRM,1496495232,45.63
1651,Apollo Medical Holdings,AMEH,1496018176,33.38
1652,Radius Global Infrastructure,RADI,1495755008,15
1653,Vivid Seats,SEAT,1494339200,7.05
1654,Heartland Financial USA,HTLF,1494009216,35.02
1655,Compass Diversified Holdings,CODI,1491707776,20.77
1656,First Commonwealth Financial Corp,FCF,1489799552,14.59
1657,Addus HomeCare,ADUS,1487374464,91.73
1658,Virtus Investment Partners,VRTS,1483269376,206.44
1659,Orion Engineered Carbons,OEC,1481285504,25.52
1660,JBG SMITH,JBGS,1479525120,15.46
1661,Universal Corporation,UVV,1477726976,60.17
1662,Stagwell,STGW,1473051008,5.41
1663,Disc Medicine,IRON,1472805760,61.01
1664,Sabre,SABR,1472386304,3.88
1665,Stewart Information Services,STC,1471265536,53.77
1666,Supernus Pharmaceuticals,SUPN,1470168576,26.91
1667,National Vision Holdings,EYE,1469452416,18.78
1668,AvePoint,AVPT,1467459328,7.99
1669,Liberty Latin America,LILA,1467094272,7.15
1670,Custom Truck One Source,CTOS,1462137600,6.02
1671,Oxford Industries,OXM,1455946880,93.18
1672,Hawaiian Electric Industries,HE,1455839360,13.22
1673,Jeld-Wen,JELD,1452917504,17.05
1674,G-III Apparel Group,GIII,1451397248,31.74
1675,Knowles,KN,1447724032,16.04
1676,Barnes Group,B,1444234624,28.5
1677,Westamerica Bancorporation,WABC,1439046016,54
1678,Kayne Anderson Capital Advisors,KYN,1434205312,8.48
1679,Amplitude,AMPL,1432171520,12.03
1680,Steelcase,SCS,1429196800,12.53
1681,Helix Energy Solutions,HLX,1428740224,9.48
1682,Ladder Capital,LADR,1423952640,11.22
1683,Stock Yards Bancorp,SYBT,1421232512,48.47
1684,Marcus &amp; Millichap,MMI,1420997888,37.02
1685,NW Natural,NWN,1420745728,38.63
1686,Kodiak Gas Services,KGS,1420290048,18.35
1687,VIZIO,VZIO,1417846400,7.19
1688,Corsair Gaming,CRSR,1413901568,13.73
1689,American Woodmark,AMWD,1413368192,88.19
1690,Enova International,ENVA,1412495616,47.29
1691,First Bancorp,FBNC,1402429056,34.13
1692,Thoughtworks,TWKS,1401074304,4.4
1693,Global Industrial Company,GIC,1397314688,36.71
1694,Stellar Bancorp,STEL,1388012928,26.06
1695,Xenia Hotels &amp; Resorts,XHR,1387708672,12.63
1696,Herbalife,HLF,1387573632,14
1697,Green Plains,GPRE,1387250304,23.31
1698,Allegiant Air,ALGT,1382114176,75.11
1699,Calumet Specialty Products Partners,CLMT,1381836672,17.28
1700,AMC Entertainment,AMC,1374613888,6.93
1701,LTC Properties,LTC,1371141376,33.11
1702,Kforce,KFRC,1364754176,69.07
1703,Grindr,GRND,1363362048,7.8
1704,Pathward Financial,CASH,1362088704,52.41
1705,National Bank Holdings,NBHC,1362042880,36.07
1706,National Healthcare,NHC,1357759488,88.6
1707,XPEL,XPEL,1357412736,49.13
1708,Horace Mann Educators,HMN,1356140288,33.21
1709,UFP Technologies,UFPT,1352680448,177.08
1710,Morphic Therapeutic,MORF,1351517312,27.17
1711,Hanesbrands,HBI,1351158144,3.86
1712,V2X,VVX,1343155200,43.07
1713,U.S. Physical Therapy,USPH,1342385536,89.57
1714,ZipRecruiter,ZIP,1331283200,13.47
1715,Gogo Inflight Internet,GOGO,1330927488,10.33
1716,Two Harbors Investment,TWO,1330278656,13.83
1717,Lindsay Corporation,LNN,1329774976,120.55
1718,Hope Bancorp,HOPE,1324791168,11.03
1719,PROG Holdings,PRG,1321543936,29.55
1720,Scholar Rock Holding,SRRK,1316615168,18.25
1721,Helios Technologies,HLIO,1315840000,39.81
1722,Cannae Holdings,CNNE,1314536064,18.59
1723,Rumble,RUM,1314480384,4.69
1724,Arhaus,ARHS,1314451712,9.37
1725,Skyward Specialty Insurance Group,SKWD,1312717696,32.96
1726,TriCo Bancshares,TCBK,1310763136,39.4
1727,UNITI,UNIT,1310309248,5.49
1728,Photronics,PLAB,1306012672,20.88
1729,Hawkins,HWKN,1304798720,62.3
1730,First Busey,BUSE,1304662656,23.61
1731,Pacira Biosciences,PCRX,1303041792,28.06
1732,Geo Group,GEO,1297610112,10.29
1733,Wheels Up,UP,1295992192,1.86
1734,NextDecade Corp,NEXT,1295703808,5.05
1735,Vir Biotechnology,VIR,1294091904,9.62
1736,AZZ,AZZ,1291711104,51.51
1737,Semtech,SMTC,1288267392,20.04
1738,Maravai LifeSciences,MRVI,1286568960,5.12
1739,Compass,COMP,1285270016,2.8
1740,Saul Centers,BFS,1281264896,39.13
1741,UCT (Ultra Clean Holdings),UCTT,1279919360,28.55
1742,Paramount Group,PGRE,1276260352,5.39
1743,Kymera Therapeutics,KYMR,1276210176,23
1744,Sunnova,NOVA,1274350592,10.41
1745,Service Properties Trust,SVC,1273113600,7.68
1746,CTS Corporation,CTS,1272804224,40.85
1747,ProFrac,ACDC,1270330240,7.97
1748,Distribution Solutions Group,DSGR,1263905024,26.98
1749,Global Partners LP,GLP,1262154240,37.16
1750,OPKO Health,OPK,1260082944,1.63
1751,Waldencast,WALD,1259387136,10.31
1752,Cars.com,CARS,1258358656,19
1753,ANGI Homeservices,ANGI,1257744384,2.48
1754,World Kinect,WKC,1257615616,20.89
1755,Alexander &amp; Baldwin,ALEX,1257054080,17.33
1756,Warby Parker,WRBY,1256395264,10.68
1757,Provident Financial Services,PFS,1256243456,16.63
1758,indie Semiconductor,INDI,1255554304,7.75
1759,RxSight,RXST,1254080256,34.97
1760,Diamond Offshore Drilling,DO,1253444480,12.25
1761,Lemonade,LMND,1246038528,17.82
1762,PennyMac Mortgage Investment Trust,PMT,1244786816,14.37
1763,1st Source,SRCE,1244418304,50.94
1764,PHINIA,PHIN,1241828992,26.6
1765,Sterling Check,STER,1240791936,13.16
1766,Montauk Renewables,MNTK,1239803136,8.63
1767,BRP Group,BRP,1238123392,19.25
1768,Monarch Casino &amp; Resort,MCRI,1237099392,64.88
1769,Chegg,CHGG,1236904192,10.68
1770,Soho House & Co,SHCO,1234457600,6.33
1771,Scholastic,SCHL,1233514240,39.77
1772,Xencor,XNCR,1232722816,20.25
1773,Agios Pharmaceuticals,AGIO,1232403072,22.05
1774,The Greenbrier Companies,GBX,1223572352,39.34
1775,Zuora,ZUO,1222073984,8.54
1776,Vital Energy,VTLE,1220562816,42.57
1777,Energy Fuels,UUUU,1217452672,7.55
1778,LeMaitre Vascular,LMAT,1216683904,54.65
1779,Ardelyx,ARDX,1214081792,5.23
1780,Chase Corporation,CCF,1214055424,127.49
1781,Cadre,CDRE,1209893248,32.19
1782,Perdoceo Education,PRDO,1208000384,18.39
1783,Trupanion,TRUP,1204395392,28.99
1784,Easterly Government Properties,DEA,1204291328,12.65
1785,Middlesex Water Company,MSEX,1203554816,67.59
1786,Sage Therapeutics,SAGE,1199949696,20.01
1787,Elme Communities,ELME,1198914944,13.65
1788,AST SpaceMobile,ASTS,1196371712,5.48
1789,Avid Technology,AVID,1190887552,27.04
1790,Dorchester Minerals,DMLP,1187495936,30
1791,Deciphera Pharmaceuticals,DCPH,1185821952,14.8
1792,Guess,GES,1185165568,22.07
1793,Xometry,XMTR,1181585152,24.58
1794,Inhibrx,INBX,1180848768,24.97
1795,NAPCO Security Technologies,NSSC,1180687872,32.11
1796,Arcus Biosciences,RCUS,1180472832,15.77
1797,Harmonic,HLIT,1179116928,10.51
1798,Sally Beauty Holdings,SBH,1174438272,11.05
1799,Protagonist Therapeutics,PTGX,1174326144,20.36
1800,FIGS,FIGS,1173796992,6.94
1801,Belite Bio,BLTE,1170482048,42.41
1802,S&amp;T Bancorp,STBA,1169984896,30.6
1803,Veritex Holdings,VBTX,1166301952,21.47
1804,Magnite,MGNI,1166219520,8.46
1805,BioCryst Pharmaceuticals,BCRX,1165363200,5.69
1806,PDF Solutions,PDFS,1165059712,30.45
1807,Safety Insurance,SAFT,1162939264,78.62
1808,P10,PX,1161383040,9.93
1809,Nicolet Bankshares,NIC,1159632000,78.56
1810,Syndax Pharmaceuticals,SNDX,1159517696,16.65
1811,Sweetgreen,SG,1159112064,10.31
1812,Relay Therapeutics,RLAY,1155030528,9.37
1813,Chimera Investment Corporation,CIM,1154218624,5.09
1814,NOW Inc.,DNOW,1153691392,10.85
1815,First Watch Restaurant,FWRG,1153283328,19.28
1816,Coeur Mining,CDE,1151656064,3.01
1817,Netstreit,NTST,1149922944,16.62
1818,CIRCOR International,CIR,1141940736,56
1819,EQRx,EQRX,1141208576,2.34
1820,Wabash National,WNC,1139738880,24.73
1821,AdaptHealth,AHCO,1129309184,8.28
1822,Trulieve Cannabis,TRUL.CN,1127940578,6.06
1823,Geron,GERN,1124142464,2.07
1824,Golden Entertainment,GDEN,1123487616,39.26
1825,Ecovyst,ECVT,1122851456,9.67
1826,E2open,ETWO,1122221184,3.7
1827,MFA Financial,MFA,1118018560,10.97
1828,Bluegreen Vacations,BVH,1117104000,74.17
1829,Revolve,RVLV,1116940800,15.48
1830,PAR Technology,PAR,1113854592,39.75
1831,The Chefs' Warehouse,CHEF,1111022208,28.01
1832,Franklin BSP Realty Trust,FBRT,1110450432,13.53
1833,TaskUs,TASK,1109350656,12.42
1834,Heritage-Crystal Clean,HCCI,1107836288,45.51
1835,Target Hospitality,TH,1107088384,10.89
1836,Akero Therapeutics,AKRO,1106953728,19.87
1837,iRobot,IRBT,1106264320,39.7
1838,Allscripts,MDRX,1100248192,10.07
1839,Utz Brands,UTZ,1097843072,13.53
1840,EchoStar,SATS,1094144640,13.04
1841,Hudson Pacific Properties,HPP,1091700224,7.61
1842,Peoples Bancorp,PEBO,1090988672,30.85
1843,Apogee Therapeutics,APGE,1088483968,21.48
1844,Heartland Express,HTLD,1087407488,13.76
1845,Encore Capital Group,ECPG,1081609728,45.97
1846,Suburban Propane Partners,SPH,1081213312,16.89
1847,RPT Realty,RPT,1078249216,12.21
1848,Ligand Pharmaceuticals,LGND,1077893504,61.82
1849,Apogee Enterprises,APOG,1077133056,48.8
1850,Quanex Building Products,NX,1070735296,32.46
1851,Sandy Spring Bank,SASR,1068954688,23.81
1852,Keros Therapeutics,KROS,1068052672,35.65
1853,Day One Biopharmaceuticals,DAWN,1068016384,12.27
1854,Taboola.com,TBLA,1067695616,3.58
1855,Armada Hoffler Properties,AHH,1065857856,11.97
1856,Advantage Solutions,ADV,1064044416,3.26
1857,Diebold Nixdorf,DBD,1063888960,28.32
1858,Oxford Lane Capital,OXLC,1063500032,5
1859,Plymouth Industrial REIT,PLYM,1062839168,22.99
1860,TriMas,TRS,1061865216,25.64
1861,Camping World,CWH,1047856640,23.4
1862,Matthews International Corporation,MATW,1047650624,34.48
1863,Playa Hotels &amp; Resorts,PLYA,1046719872,7.56
1864,Shentel,SHEN,1046506880,20.82
1865,Thermon Group,THR,1045274752,31.02
1866,Origin Bancorp,OBK,1044955584,33.81
1867,Perella Weinberg Partners,PWP,1044641024,12.12
1868,Frontier Airlines,ULCC,1043422016,4.72
1869,Columbus McKinnon,CMCO,1042043456,36.26
1870,Aimco,AIV,1040726400,7.14
1871,Cytek Biosciences,CTKB,1038305280,7.66
1872,Central Securities,CET,1032589376,36.9093
1873,Powell Industries,POWL,1028738944,86.02
1874,Cassava Sciences,SAVA,1028626304,24.39
1875,Verve Therapeutics,VERV,1028624192,12.79
1876,Energy Recovery,ERII,1027495424,18.18
1877,Embecta,EMBC,1026289344,17.9
1878,Infinera,INFN,1021158016,4.5
1879,NRC Health,NRC,1019169472,41.5
1880,Air Transport Services Group,ATSG,1018257280,15.6
1881,Compass Minerals,CMP,1013766016,24.6
1882,Employers Holdings,EIG,1008508608,39.21
1883,Berkshire Hills Bancorp,BHLB,1007908224,23.08
1884,Ryerson,RYI,1007711616,29.49
1885,SP Plus Corporation,SP,1006059520,51.2
1886,Leslie's,LESL,1004620288,5.45
1887,Caleres,CAL,1004357248,28.29
1888,Phreesia,PHR,1003653632,18.04
1889,Brookdale Senior Living,BKD,1001426176,5.32
1890,Agiliti,AGTI,1000542464,7.42
1891,Definitive Healthcare,DH,1000420864,8.6
1892,ANI Pharmaceuticals,ANIP,999682688,48.94
1893,Bain Capital,BCSF,999424384,15.48
1894,Kronos Worldwide,KRO,988081920,8.59
1895,NerdWallet,NRDS,983537600,12.92
1896,ChargePoint,CHPT,982299968,2.35
1897,Grid Dynamics,GDYN,981914112,12.99
1898,Avanos Medical,AVNS,981901440,21.15
1899,UMH Properties,UMH,980035968,14.76
1900,Alpine Immune Sciences,ALPN,978370304,16.84
1901,Couchbase,BASE,978257088,20.35
1902,Altice USA,ATUS,977673856,2.15
1903,WisdomTree,WT,974170880,6.48
1904,ACM Research,ACMR,969724800,16
1905,REV Group,REVG,969703808,16.35
1906,Innoviva,INVA,968990912,15.12
1907,Protolabs,PRLB,968260544,37.55
1908,MannKind Corp,MNKD,965078528,3.58
1909,Republic Bank,RBCAA,961372352,49.61
1910,VSE Corporation,VSEC,961057728,61.03
1911,Kaiser Aluminum,KALU,960870016,60
1912,TTEC,TTEC,960818368,20.26
1913,fuboTV,FUBO,960403712,3.28
1914,Montrose Environmental,MEG,959682880,31.79
1915,Malibu Boats,MBUU,958469184,46.99
1916,Byline Bancorp,BY,956958528,21.89
1917,Avantax,AVTA,956738688,25.99
1918,OPAL Fuels,OPAL,956675712,5.55
1919,Viridian Therapeutics,VRDN,953910016,18.14
1920,Monro,MNRO,953748096,30.33
1921,Luminar Technologies,LAZR,952633344,2.37
1922,Paragon 28,FNA,950236800,11.49
1923,USANA,USNA,949411968,49.63
1924,Amylyx Pharmaceuticals,AMLX,945249216,14
1925,A10 Networks,ATEN,944520640,12.74
1926,Olo,OLO,939103872,5.72
1927,Tango Therapeutics,TNGX,936268224,9.18
1928,Beazer Homes USA,BZH,935931200,29.88
1929,ARMOUR Residential REIT,ARR,935812160,19.1
1930,EyePoint Pharmaceuticals,EYPT,935262976,19.15
1931,Redfin,RDFN,934612608,8.11
1932,German American Bancorp,GABC,934585792,31.6
1933,Chico's,CHS,933334912,7.56
1934,MiMedx Group,MDXG,932179776,8.01
1935,Virgin Galactic,SPCE,931335936,2.33
1936,OceanFirst Financial,OCFC,931160000,15.67
1937,Everbridge,EVBG,930215104,22.65
1938,Barings BDC,BBDC,928819520,8.72
1939,Sun Country Airlines,SNCY,925689728,17.1
1940,BrightSpire Capital,BRSP,925493184,7.12
1941,Preferred Bank,PFBC,924071872,68.03
1942,ProPetro,PUMP,922692032,8.37
1943,AMERISAFE,AMSF,918036160,47.86
1944,Koppers,KOP,917882304,44.08
1945,Southside Bancshares,SBSI,917674624,30.39
1946,Zentalis Pharmaceuticals,ZNTL,917124800,12.96
1947,Brookline Bancorp,BRKL,916210560,10.31
1948,Aspen Aerogels,ASPN,915447360,13.03
1949,Benchmark Electronics,BHE,915240704,25.65
1950,QCR Holdings,QCRH,914425664,54.65
1951,Bank First,BFC,913857792,88.16
1952,ScanSource,SCSC,913538880,36.59
1953,Dime Community Bancshares,DCOM,912679360,23.51
1954,EVgo,EVGO,910036096,3.04
1955,SMART Global Holdings,SGH,909098176,17.51
1956,Arko,ARKO,908774016,7.78
1957,PacWest Bancorp,PACW,904521024,7.54
1958,Hain Celestial,HAIN,902472576,10.06
1959,Rush Street Interactive,RSI,902395840,4.06
1960,Everi Holdings,EVRI,900160640,10.52
1961,Petco,WOOF,894068352,3.33
1962,Collegium Pharmaceutical,COLL,891255872,27.33
1963,United Natural Foods,UNFI,891120000,15
1964,TechTarget,TTGT,890696192,31.38
1965,Black Rifle Coffee (BRC),BRCC,890532288,4.1
1966,Arlo Technologies,ARLO,888562560,9.39
1967,Gorman-Rupp,GRC,888238528,33.91
1968,HireRight,HRT,886145664,13.1
1969,Portillo's,PTLO,885967936,15.98
1970,Triumph Group,TGI,884611456,11.51
1971,Model N,MODN,883816896,22.8
1972,American Axle &amp; Manufacturing,AXL,882639936,7.54
1973,TimkenSteel,TMST,881652608,20.43
1974,Ellington Financial,EFC,880221184,12.9
1975,Lakeland Bancorp,LBAI,879209664,13.52
1976,CrossAmerica Partners,CAPL,879021696,23.15
1977,MRC Global,MRC,877582784,10.41
1978,Nu Skin,NUS,876520960,17.74
1979,Pliant Therapeutics,PLRX,876278464,14.63
1980,Digi International,DGII,875924288,24.26
1981,Centerspace,CSR,874537280,54.49
1982,KKR Real Estate Finance Trust,KREF,871968896,12.58
1983,Quanterix,QTRX,871596352,23.04
1984,Hyster-Yale Materials Handling,HY,871309952,50.7
1985,Ramaco Resources,METC,869928960,16.78
1986,PubMatic,PUBM,868541248,17.11
1987,Select Energy Services,WTTR,862590848,7.18
1988,REGENXBIO,RGNX,861363328,19.58
1989,Accel Entertainment,ACEL,860753408,10.15
1990,Enfusion,ENFN,860726080,9.75
1991,Brandywine Realty Trust,BDN,859617728,4.98
1992,LanzaTech Global,LNZA,858720960,4.38
1993,Titan International,TWI,858411520,13.87
1994,Editas Medicine,EDIT,858390592,10.51
1995,U.S. Silica,SLCA,857185344,11.11
1996,Redwood Trust,RWT,855365568,7.21
1997,The First Bancshares,FBMS,854980480,27.5
1998,Transcat,TRNS,852446016,96.58
1999,Sinclair Broadcast,SBGI,847919936,13.35
2000,Steel Partners,SPLP,844771520,39.645
2001,Altus Power,AMPS,844238144,5.27
2002,SLR Investment,SLRC,841777472,15.43
2003,ADMA Biologics,ADMA,838341312,3.71
2004,MultiPlan,MPLN,837836928,1.29
2005,Tompkins Financial,TMP,834695040,58.69
2006,SunPower,SPWR,833913984,4.76
2007,Westrock Coffee,WEST,831089984,9.44
2008,Prime Medicine,PRME,827256576,8.5
2009,PureCycle Technologies,PCT,825216832,5.03
2010,Piedmont Office Realty Trust,PDM,825165696,6.67
2011,Bluelinx,BXC,824116800,94
2012,Unitil Corporation,UTL,823744896,51.17
2013,ConnectOne Bancorp,CNOB,822702336,21.31
2014,Gray Television,GTN,817396736,8.54
2015,Medifast,MED,814875392,74.81
2016,PRA Group,PRAA,813530176,20.73
2017,Open Lending,LPRO,813129664,6.79
2018,New York Mortgage Trust,NYMT,810707776,8.94
2019,Hovnanian Enterprises,HOV,809093760,139.01
2020,Deluxe,DLX,805252800,18.43
2021,B&amp;G Foods,BGS,803541376,10.22
2022,Kura Oncology,KURA,802881408,10.81
2023,Fulgent Genetics,FLGT,802464320,27.08
2024,Ichor Systems,ICHR,801486400,27.28
2025,Varex Imaging,VREX,797444992,19.69
2026,Clear Channel Outdoor,CCO,796966464,1.65
2027,Centrus Energy,LEU,795112064,51.21
2028,Standard Motor Products (SMP),SMP,794857856,36.58
2029,Intercept Pharmaceuticals,ICPT,794694016,19
2030,SpartanNash,SPTN,794267712,22.94
2031,3D Systems,DDD,789929280,5.92
2032,Diversified Energy,DEC.L,788628964,16.38
2033,Eagle Bancorp,EGBN,787956864,26.33
2034,HealthStream,HSTM,787417792,26
2035,Guild Mortgage,GHLD,786315840,12.87
2036,Simulations Plus,SLP,784974784,39.37
2037,Eventbrite,EB,784859392,7.8
2038,Omega Flex,OFLX,784428032,77.71
2039,SI-BONE,SIBN,783289344,19.34
2040,Clean Energy Fuels,CLNE,782800192,3.51
2041,SunCoke Energy,SXC,782282944,9.34
2042,Capitol Federal Savings Bank,CFFN,781704640,5.78
2043,Premier Financial,PFC,781476352,21.87
2044,AMC Networks,AMCX,780548608,17.92
2045,Amerant Bancorp,AMTB,779980992,23.12
2046,Pediatrix Medical Group,MD,777221120,9.25
2047,"Sturm, Ruger &amp; Co",RGR,777140352,43.85
2048,IDT Corporation,IDT,776950016,30.88
2049,SilverBow Resources,SBOW,776874240,30.55
2050,TCG BDC,CGBD,776654016,15.29
2051,Matterport,MTTR,776376384,2.54
2052,B. Riley Financial,RILY,773135744,25.28
2053,World Acceptance Corporation,WRLD,772314688,124.07
2054,BrightSphere Investment Group,BSIG,771635584,18.59
2055,First Mid-Illinois Bancshares,FMBH,770518464,32.32
2056,Community Healthcare Trust,CHCT,769401344,28.22
2057,Hibbett Sports,HIBB,767639040,65.21
2058,Westlake Chemical Partners,WLKP,766915776,21.77
2059,Methode Electronics,MEI,766099136,21.52
2060,AerSale,ASLE,765312384,14.91
2061,BJ's Restaurants,BJRI,761011776,32.75
2062,Dine Brands Global,DIN,760258880,49.23
2063,Overstock.com,OSTK,760216256,16.78
2064,HCI Group,HCI,759195136,88.4
2065,Community Trust Bancorp,CTBI,757971584,42.11
2066,LendingClub,LC,756578112,6.9
2067,Ducommun,DCO,755655616,51.77
2068,InnovAge,INNV,755520576,5.56
2069,Kelly Services,KELYA,753399808,21.4
2070,CBL Properties,CBL,749788096,23.43
2071,SES AI,SES,749182784,2.13
2072,BrightView,BV,745992000,7.97
2073,89bio,ETNB,745795520,9.86
2074,CryoPort,CYRX,745717120,15.23
2075,Aehr Test Systems,AEHR,745613888,25.89
2076,Cogent Biosciences,COGT,744113088,8.64
2077,REX American Resources,REX,742331904,42.41
2078,Ambac,AMBC,742093696,16.42
2079,Artivion,AORT,741748160,18.07
2080,Ethan Allen,ETD,741151552,29.18
2081,Cipher Mining,CIFR,741060608,2.91
2082,MarineMax,HZO,740736448,33.41
2083,Associated Capital Group,AC,738850880,34.22
2084,Pitney Bowes,PBI,738826944,4.19
2085,Dril-Quip,DRQ,735620352,21.52
2086,Barrett Business Services,BBSI,734911296,111.07
2087,Sana Biotechnology,SANA,733334720,3.72
2088,Shoe Carnival,SCVL,732281856,26.99
2089,Nikola,NKLA,731964800,0.7146
2090,AdvanSix,ASIX,731523392,27.14
2091,Banc of California,BANC,731264640,12.73
2092,Century Aluminum,CENX,729997184,7.9
2093,Bristow Group,VTOL,729311680,25.82
2094,Repay Holdings,RPAY,728501504,7.52
2095,Sky Harbour Group,SKYH,726903424,10.98
2096,Genie Energy,GNE,726851200,26.51
2097,International Money Express,IMXI,726279616,20.83
2098,Radius Recycling (Schnitzer Steel),RDUS,725467712,26.37
2099,Healthcare Services Group,HCSG,724458752,9.81
2100,HilleVax,HLVX,723648768,14.94
2101,Nevro,NVRO,722299776,19.95
2102,Astec Industries,ASTE,721745408,31.74
2103,Cross Country Healthcare,CCRN,719536832,20.47
2104,Bel Fuse,BELFB,716281920,56.49
2105,MediaAlpha,MAX,714547392,10.89
2106,OrthoPediatrics,KIDS,712979328,30.53
2107,Accolade,ACCD,712008768,9.34
2108,Wolverine World Wide,WWW,711020480,8.94
2109,QuinStreet,QNST,709526976,13
2110,Viad,VVI,707075712,33.8
2111,Cerence,CRNC,705475520,17.15
2112,Yext,YEXT,704734592,5.68
2113,Heritage Financial,HFWA,701861120,20.11
2114,Conduent,CNDT,701837056,3.23
2115,Anywhere Real Estate,HOUS,701598784,6.35
2116,Applied Blockchain,APLD,699454016,6.58
2117,CVR Partners,UAN,699390400,66.17
2118,Weave Communications,WEAV,698908480,10.06
2119,Amalgamated Financial,AMAL,698140992,22.97
2120,Cabaletta Bio,CABA,695445760,16.23
2121,Planet Labs,PL,694153792,2.43
2122,Blue Bird Corporation,BLBD,694124992,21.58
2123,loanDepot,LDI,693729792,2.15
2124,BigCommerce,BIGC,692417216,9.1
2125,Digimarc,DMRC,691965056,33.99
2126,Universal Logistics Holdings,ULH,691274432,26.3
2127,Global Medical REIT,GMRE,690451008,10.53
2128,Summit Hotel Properties,INN,687429824,6.39
2129,Hawaiian Airlines,HA,687245888,13.31
2130,Old Second Bancorp,OSBC,686559744,15.36
2131,MBIA,MBI,686292096,13.42
2132,CRA International,CRAI,686098496,97.99
2133,A-Mark Precious Metals,AMRK,685885056,29.55
2134,CECO Environmental,CECO,684413760,19.66
2135,Tiptree,TIPT,683178816,18.59
2136,Adaptive Biotechnologies,ADPT,681880768,4.71
2137,Anterix,ATEX,681152448,36.29
2138,Douglas Dynamics,PLOW,679177152,29.55
2139,SmartRent,SMRT,678537728,3.34
2140,Kura Sushi USA,KRUS,676051072,60.64
2141,Thryv,THRY,674464704,19.18
2142,PennantPark Floating Rate,PFLT,674274304,11.48
2143,Dynex Capital,DX,673511424,11.89
2144,GrafTech,EAF,672836928,2.62
2145,LSB Industries,LXU,672815936,9.05
2146,Evolv Technologies,EVLV,672550784,4.45
2147,OTC Markets Group,OTCM,670961280,56.25
2148,Mativ Holdings,MATV,669920640,12.36
2149,Insteel Industries,IIIN,668640832,34.37
2150,Myers Industries,MYE,664934912,18.05
2151,ACELYRIN,SLRN,664828800,6.83
2152,i3 Verticals,IIIV,664648704,19.92
2153,Olema Pharmaceuticals,OLMA,664357696,12.13
2154,Vitesse Energy,VTS,662973824,23.03
2155,Mission Produce,AVO,661906112,9.35
2156,Novavax,NVAX,661660352,5.57
2157,E. W. Scripps Company,SSP,659192896,7.79
2158,Paysafe,PSFE,659066240,10.69
2159,ProAssurance,PRA,658013632,12.91
2160,Anavex Life Sciences,AVXL,653408512,7.96
2161,Travere Therapeutics,TVTX,649259712,8.64
2162,Vimeo,VMEO,648685568,3.87
2163,Revance Therapeutics,RVNC,647185536,7.37
2164,Nextdoor,KIND,647015040,1.68
2165,Trinity Capital,TRIN,646970624,14.83
2166,Great Southern Bancorp,GSBC,645084928,54.69
2167,Interface,TILE,643244480,11.07
2168,HBT Financial,HBT,642127488,20.25
2169,Perimeter Solutions,PRM,641692800,4.2
2170,Kaman,KAMN,641137728,22.69
2171,4D Molecular Therapeutics,FDMT,638738752,14.94
2172,Digital World Acquisition,DWAC,638385728,17.17
2173,Arcturus Therapeutics,ARCT,635747328,23.79
2174,Vital Farms,VITL,632771008,15.21
2175,Peakstone Realty Trust,PKST,632391744,17.56
2176,nLIGHT,LASR,632129792,13.54
2177,Alpha &amp; Omega Semiconductor,AOSL,631263808,22.72
2178,Chuy's,CHUY,624693632,36
2179,Olympic Steel,ZEUS,624644608,56.11
2180,Digital Turbine,APPS,624057280,6.16
2181,Haynes International,HAYN,623283072,48.87
2182,Cresco Labs,CRLBF,620568000,1.8
2183,Preformed Line Products,PLPC,619268672,126.55
2184,Movado,MOV,618240000,28
2185,Kimball Electronics,KE,617897664,24.87
2186,Farmland Partners,FPI,617366272,12.5
2187,1-800-Flowers,FLWS,614585984,9.47
2188,Ispire Technology,ISPR,611611648,11.27
2189,ALX Oncology,ALXO,610778496,12.26
2190,The Hackett Group,HCKT,608758144,22.35
2191,Vera Therapeutics,VERA,608730752,13.7
2192,Genco Shipping &amp; Trading,GNK,608728832,14.31
2193,Mercantile Bank,MBWM,602364736,37.59
2194,RAPT Therapeutics,RAPT,601245568,17.48
2195,Tyra Biosciences,TYRA,600668864,13.95
2196,Eagle Point Credit Company,ECC,598784192,9.53
2197,Univest,UVSP,598719360,20.29
2198,Biolife Solutions,BLFS,597329856,13.26
2199,Avidity Biosciences,RNA,596991552,7.54
2200,CION Investment,CION,595122496,10.96
2201,Titan Machinery,TITN,594312896,26.01
2202,Clearwater Paper,CLW,593628672,35.84
2203,Hudson Technologies,HDSN,590621120,12.98
2204,P3 Health Partners,PIII,588243392,1.15
2205,Newpark Resources,NR,587959424,6.91
2206,Lightwave Logic,LWLG,587941632,5.03
2207,Beyond Meat,BYND,586676800,9.09
2208,Treace Medical Concepts,TMCI,585921024,9.5
2209,RCI Hospitality Holdings,RICK,585472960,62.3
2210,Universal Health Realty Income Trust,UHT,584851136,42.31
2211,FuelCell Energy,FCEL,581307520,1.29
2212,Whitestone REIT,WSR,580220800,11.54
2213,Bally's Corporation,BALY,578949504,12.69
2214,Smith &amp; Wesson,SWBI,575512832,12.61
2215,Fisker,FSR,574911808,1.64
2216,NGL Energy Partners,NGL,573882432,4.35
2217,Atrion,ATRI,573479040,325.87
2218,Tarsus Pharmaceuticals,TARS,572378560,17.29
2219,Cass Information Systems,CASS,569149504,41.86
2220,OmniAb,OABI,567241472,4.88
2221,Weight Watchers,WW,567010752,7.17
2222,Forge Global,FRGE,566131776,3.23
2223,Heidrick &amp; Struggles,HSII,565433856,28.1
2224,TrustCo Bank,TRST,564834432,29.69
2225,TXO Energy Partners,TXO,564262528,18.35
2226,Nano Dimension,NNDM,564256832,2.4
2227,Heritage Commerce,HTBK,563945600,9.23
2228,Argan,AGX,563636928,42.29
2229,Savara Pharmaceuticals,SVRA,563018496,4.16
2230,York Water,YORW,561700992,39.22
2231,Enviri Corporation,NVRI,561230208,7.03
2232,Hanmi Financial,HAFC,560776704,18.45
2233,Tetra Technologies,TTI,560640512,4.31
2234,Evolus,EOLS,558933824,9.78
2235,AN2 Therapeutics,ANTX,558840960,18.79
2236,National Presto Industries,NPK,558448000,78.85
2237,FRP Holdings,FRPH,556305792,58.7
2238,MetroCity Bankshares,MCBS,556046528,22.06
2239,Enhabit,EHAB,555435968,11.08
2240,Mesa Laboratories,MLAB,555402112,103.01
2241,ModivCare,MODV,555267456,39.14
2242,Snap One,SNPO,554845376,7.25
2243,Allied Motion Technologies,AMOT,550906624,34.08
2244,Thorne HealthTech,THRN,550634944,10.19
2245,Kearny Financial,KRNY,550517632,8.53
2246,Ares Commercial Real Estate,ACRE,547902848,10.12
2247,Denny's,DENN,546779648,10.3
2248,Gladstone Commercial,GOOD,546413248,13.41
2249,The Manitowoc Company,MTW,544519232,15.52
2250,DocGo,DCGO,544415040,5.24
2251,Covenant Logistics,CVLG,540913088,41.78
2252,Horizon Bancorp,HBNC,540396480,12.25
2253,MacroGenics,MGNX,540276096,8.71
2254,GoPro,GPRO,539742016,3.55
2255,stem,STEM,539400192,3.46
2256,Riley Permian,REPX,538434624,26.36
2257,Southern Missouri Bancorp,SMBC,537803520,47.44
2258,Franklin Covey,FC,536395680,39.93
2259,United Fire Group,UFCS,536384416,21.23
2260,Camden National Bank,CAC,531661824,36.52
2261,CareDx,CDNA,530705312,9.81
2262,Havertys,HVT,529461728,32.62
2263,Berry Corporation,BRY,526640928,6.96
2264,Liquidity Services,LQDT,526544448,17.12
2265,Icosavax,ICVX,526449056,10.51
2266,iRadimed,IRMD,526031680,41.73
2267,National Energy Services Reunited,NESR,524413792,4.6
2268,MaxCyte,MXCT,524129792,4.85
2269,Pulse Biosciences,PLSE,522163104,9.48
2270,OraSure Technologies,OSUR,521738560,7.1
2271,PetIQ,PETQ,521737152,17.73
2272,Columbia Care,CCHWF,521348032,0.94335
2273,DXP Enterprises,DXPE,520880096,32.2
2274,Cantaloupe,CTLP,520000928,7.15
2275,SoundHound AI,SOUN,518540384,2.1
2276,SandRidge Energy,SD,518536352,13.98
2277,Runway Growth Finance,RWAY,518519040,12.8
2278,Acco Brands,ACCO,517344512,5.45
2279,Central Pacific Financial,CPF,515984256,19.08
2280,HarborOne Bancorp,HONE,515792992,11.27
2281,Seritage Growth Properties,SRG,515781984,9.18
2282,Alector,ALEC,514914752,6.12
2283,ORIC Pharmaceuticals,ORIC,514418784,9.43
2284,Astronics Corporation,ATRO,513778912,15.15
2285,Gladstone Land,LAND,512173888,14.21
2286,CEVA,CEVA,509626560,21.63
2287,Chatham Lodging Trust,CLDT,509249536,10.17
2288,Consolidated Communications,CNSL,509052544,4.37
2289,Metropolitan Bank Holding,MCB,508441696,45.96
2290,Secureworks,SCWX,507063552,5.88
2291,Torrid,CURV,503853696,4.84
2292,Johnson Outdoors,JOUT,503319168,49.1
2293,Xponential Fitness,XPOF,503045280,10.6
2294,CVRx,CVRX,502696736,24.15
2295,Washington Trust Bancorp,WASH,502584800,29.51
2296,Luther Burbank,LBC,500985952,9.82
2297,Northfield Bancorp,NFBK,500361408,11.13
2298,Aveanna Healthcare,AVAH,499720416,2.62
2299,Cambridge Bancorp,CATC,499030400,63.6
2300,Value Line,VALU,498759040,52.89
2301,Holley,HLLY,498085504,4.24
2302,ATN International,ATNI,495647008,32.14
2303,SciPlay,SCPL,495492544,22.94
2304,Nerdy,NRDY,495097472,2.86
2305,Mitek Systems,MITK,494647168,10.85
2306,Equity BancShares,EQBK,494144000,32.06
2307,Boston Omaha,BOC,492114624,15.72
2308,PureTech Health,PRTC,490431616,18
2309,SurModics,SRDX,489656032,34.59
2310,Star Group,SGU,489179712,13.74
2311,Consensus Cloud Solutions,CCSI,488991424,25.53
2312,Microvision,MVIS,486364160,2.56
2313,Forrester Research,FORR,485977152,25.26
2314,Independent Bank (Michigan),IBCP,485162208,23.28
2315,Lyell Immunopharma,LYEL,483588448,1.92
2316,Calavo Growers,CVGW,483457120,27.22
2317,Universal Insurance Holdings,UVE,483316832,16.56
2318,Hersha Hospitality Trust,HT,482852640,9.99
2319,Phathom Pharmaceuticals,PHAT,482638592,8.43
2320,Capital City Bank Group,CCBG,482624672,28.46
2321,Peapack-Gladstone Financial,PGC,482346784,27.07
2322,Green Dot,GDOT,482036608,9.19
2323,Velocity Financial,VEL,481895392,14.7
2324,RGP,RGP,481878560,14.3
2325,Gladstone Investment,GAIN,481657888,14.21
2326,ADTRAN,ADTN,480850912,6.11
2327,American National Bank &amp; Trust Company,AMNB,480324480,45.19
2328,First Financial,THFF,478760768,40.73
2329,GAMCO Investors,GAMI,476795520,19.01
2330,Donegal Group,DGICA,476772224,14.46
2331,EZCorp,EZPW,475491584,8.69
2332,Entrada Therapeutics,TRDA,474828032,14.23
2333,Arrow Financial,AROW,474307872,27.81
2334,TPG Real Estate Finance Trust,TRTX,474182272,6.1
2335,Tellurian,TELL,473655616,0.7461
2336,Designer Brands,DBI,473620480,8.33
2337,Diamond Hill Investment Group,DHIL,473213888,164.4
2338,Vaalco Energy,EGY,472163872,4.49
2339,Aerovate Therapeutics,AVTE,471478080,17.04
2340,Stitch Fix,SFIX,470385088,3.99
2341,Liquidia Technologies,LQDA,469266752,7.23
2342,Biglari,BH,468264192,150.94
2343,Great Lakes Dredge &amp; Dock Corp.,GLDD,467619744,7.02
2344,W&amp;T Offshore,WTI,467571072,3.19
2345,Stoneridge,SRI,466938624,16.95
2346,One Liberty Properties,OLP,466183936,22.13
2347,Atlanticus,ATLC,466070624,31.95
2348,Marinus Pharmaceuticals,MRNS,463875584,8.5
2349,Clover Health Investments,CLOV,463359328,0.9502
2350,MoneyLion,ML,462685504,45
2351,Miller Industries,MLR,462631136,40.42
2352,Viant Technology,DSP,462160704,7.38
2353,Limbach Holdings,LMB,461702656,41.96
2354,SomaLogic,SLGC,458895680,2.44
2355,Gladstone Capital,GLAD,452927648,10.41
2356,i-80 Gold,IAUX,452424864,1.55
2357,Pulmonx,LUNG,451652512,11.79
2358,TrueBlue,TBI,451214240,14.49
2359,Phibro Animal Health,PAHC,448779872,11.08
2360,Artesian Resources,ARTNA,448359712,43.78
2361,Landsea Homes,LSEA,447873120,11.85
2362,Regis Corporation,RGS,446676160,9.8
2363,Health Catalyst,HCAT,446590336,7.76
2364,Marcus Corporation,MCS,445959904,14.07
2365,Lindblad Expeditions,LIND,445792320,8.35
2366,Eagle Bulk Shipping,EGLE,445454208,44.85
2367,SIGA Technologies,SIGA,444322496,6.25
2368,Aris Water Solutions,ARIS,444232224,7.7
2369,LianBio,LIAN,444138944,4.11
2370,TeraWulf,WULF,440874464,1.83
2371,Tejon Ranch,TRC,440579616,16.48
2372,UroGen Pharma,URGN,440462112,14.27
2373,8x8,EGHT,438568736,3.59
2374,Entravision Communications,EVC,438111968,4.29
2375,Tutor Perini,TPC,438026912,8.42
2376,Flushing Financial Corp,FFIC,437904672,15.15
2377,Organogenesis,ORGO,437272288,3.33
2378,Karat Packaging,KRT,436421792,21.86
2379,HomeTrust Bancshares,HTBI,435973152,25.08
2380,AnaptysBio,ANAB,434770304,16.36
2381,Daily Journal,DJCO,433764448,315
2382,CNB Financial Corp,CCNE,433629344,20.75
2383,OneWater Marine,ONEW,433355904,27.45
2384,Oil States International,OIS,433168800,6.78
2385,Orthofix Medical,OFIX,432257632,11.76
2386,NextNav,NN,431733120,3.92
2387,Xperi,XPER,431180736,9.92
2388,Aura Biosciences,AURA,431024128,8.75
2389,Replimune,REPL,430542304,7.29
2390,Shore Bancshares,SHBI,430231168,12.98
2391,Oil-Dri Corporation Of America,ODC,429688224,59.03
2392,Slam Corp,SLAM,429664352,10.82
2393,Newegg,NEGG,428326496,1.13
2394,OppFi,OPFI,427900000,3.89
2395,Carrols Restaurant Group,TAST,427250208,7.84
2396,Turning Point Brands,TPB,426909120,24.25
2397,The RMR Group,RMR,425963392,25.49
2398,PennantPark Investment,PNNT,425916000,6.53
2399,Oppenheimer Holdings,OPY,425897856,41.05
2400,Greene County Bancorp,GCBC,425840256,25.01
2401,Clearfield,CLFD,424685280,27.84
2402,Bar Harbor Bankshares,BHB,421336800,27.8
2403,Northeast Bank,NBN,420651776,53.99
2404,Ur Energy,URG,420488640,1.56
2405,CS Disco,LAW,419541600,6.92
2406,23andMe,ME,418450272,0.8734
2407,Nurix Therapeutics,NRIX,417132704,8.6
2408,Vishay Precision Group,VPG,416010560,30.74
2409,Janux Therapeutics,JANX,415977280,9.01
2410,Allogene Therapeutics,ALLO,415644160,2.47
2411,NETGEAR,NTGR,414222912,13.99
2412,Valhi,VHI,414143648,14.64
2413,Orchid Island Capital,ORC,413425184,7.9
2414,Five Star Bancorp,FSBC,412269728,23.89
2415,Terns Pharmaceuticals,TERN,411551360,6.66
2416,Qurate Retail Group,QRTEA,410840160,0.94
2417,DoubleDown Interactive,DDI,406337856,8.2
2418,The Pennant Group,PNTG,405204800,13.54
2419,Huuuge,HUG.WA,405123513,6.45
2420,OneSpan,OSPN,404856064,10.15
2421,Universal Technical Institute,UTI,404806240,11.88
2422,National CineMedia,NCMI,401657760,4.15
2423,Third Harmonic Bio,THRD,401607872,9.95
2424,Aviat Networks,AVNW,401358112,32.22
2425,Blend Labs,BLND,399600416,1.61
2426,The Shyft Group,SHYF,398790368,11.63
2427,First Foundation,FFWM,398493216,7.06
2428,Gatos Silver,GATO,398374272,5.76
2429,The Beauty Health Company,SKIN,396426336,3.02
2430,CTO Realty Growth,CTO,394289600,17.38
2431,LoveSac,LOVE,391871680,25.3
2432,Summit Financial Group,SMMF,391526336,26.68
2433,Talkspace,TALK,391002304,2.34
2434,SmartFinancial (SmartBank),SMBK,390533600,22.98
2435,CommScope,COMM,390186720,1.84
2436,Ranpak,PACK,389896992,4.72
2437,Daktronics,DAKT,389299104,8.43
2438,IGM Biosciences,IGMS,388320768,6.65
2439,Postal Realty Trust,PSTL,388121952,14.61
2440,Hallador Energy Company,HNRG,387766080,11.7
2441,America's Car-Mart,CRMT,387278272,60.58
2442,LSI Industries,LYTS,386389888,13.36
2443,Unisys,UIS,384375392,5.62
2444,Reservoir Media,RSVR,384328032,5.93
2445,Zumiez,ZUMZ,383787904,19.35
2446,Mid Penn Bancorp,MPB,380877504,22.85
2447,Nautilus Biotechnology,NAUT,379905760,3.04
2448,SkyWater Technology,SKYT,379488512,8.07
2449,Hingham Institution for Savings,HIFS,378645248,175.51
2450,Silk Road Medical,SILK,378550272,9.72
2451,Red River Bancshares,RRBI,378055104,53.01
2452,Acacia Research,ACTG,377570240,3.78
2453,American Coastal Insurance Corporation,ACIC,377202464,8.69
2454,Alerus Financial,ALRS,376930560,19.06
2455,Carriage Services,CSV,373189152,24.91
2456,MidWestOne Financial Group,MOFG,373148640,23.78
2457,iHeartMedia,IHRT,372666848,2.65
2458,Village Super Market,VLGEA,372412352,25.07
2459,Ribbon Communications,RBBN,370939008,2.16
2460,Marine Products Corporation,MPX,370861696,10.76
2461,Faro Technologies,FARO,367713408,19.4
2462,CapStar Financial,CSTR,367430880,17.74
2463,Community Health Systems,CYH,362522656,2.65
2464,MasterCraft Boat,MCFT,362378112,21
2465,Solaris Oilfield Infrastructure,SOI,361991200,8.18
2466,Groupon,GRPN,360261952,11.31
2467,Amprius Technologies,AMPX,359772128,4.07
2468,Seneca Foods,SENEA,359751008,50
2469,Enterprise Bancorp,EBTC,359742944,29.35
2470,Microvast,MVST,358925600,1.14
2471,NexPoint Real Estate Finance,NREF,356992928,16.03
2472,Macatawa Bank,MCBC,356974496,10.41
2473,NVE Corporation,NVEC,356608256,73.78
2474,Funko,FNKO,356128992,6.76
2475,Alta Equipment Group,ALTG,354754368,10.96
2476,BRT Apartments,BRT,352215840,18.94
2477,iTeos Therapeutics,ITOS,352124416,9.84
2478,Genesco,GCO,350808800,30.49
2479,Newtek,NEWT,350497408,14.22
2480,LiveVox,LVOX,350151712,3.7
2481,Avita Medical,RCEL,348767040,13.65
2482,Guaranty Bancshares,GNTY,348646016,30.24
2483,Playstudios,MYPS,348480576,2.6
2484,Altimmune,ALT,348163264,6.48
2485,Arbutus Biopharma,ABUS,347128640,2.07
2486,Saratoga Investment,SAR,346367136,26.41
2487,Overseas Shipholding Group,OSG,345509440,4.87
2488,Rackspace Technology,RXT,344087136,1.59
2489,Harrow Health,HROW,343802272,9.79
2490,Energy Vault,NRGV,343074944,2.39
2491,Genelux,GNLX,343055264,12.84
2492,Limoneira,LMNR,342857632,19.07
2493,American Software,AMSWA,342378784,10.15
2494,EverQuote,EVER,342338240,10.26
2495,American Well,AMWL,342207104,1.19
2496,Voyager Therapeutics,VYGR,341404320,7.76
2497,Civeo,CVEO,339155712,23
2498,ACNB Corporation,ACNB,338606848,39.8
2499,Dynamic Materials Corporation,BOOM,337330496,17.07
2500,AirSculpt Technologies,AIRS,337251520,5.88
2501,Build-A-Bear,BBW,335244000,23.07
2502,Taysha Gene Therapies,TSHA,334658400,1.79
2503,Bank of Marin Bancorp,BMRC,334406272,20.72
2504,Domo,DOMO,333405056,9.24
2505,Senseonics Holdings,SENS,333345312,0.631
2506,Sleep Number,SNBR,332975424,14.98
2507,WideOpenWest,WOW,332021824,3.97
2508,Jakks Pacific,JAKK,332015968,32.96
2509,Cardlytics,CDLX,331304576,8.44
2510,Sharecare,SHCR,331208096,0.9398
2511,Immunome,IMNM,330301344,7.73
2512,Anika Therapeutics,ANIK,328834592,22.46
2513,IBEX,IBEX,328280032,18.3
2514,Willis Lease Finance Corporation,WLFC,326532672,47.6
2515,Glass House Brands,GLASF,325648064,4.58
2516,Pangaea Logistics Solutions,PANL,324801536,6.99
2517,RBB Bancorp,RBB,323679936,17.04
2518,NexPoint Diversified Real Estate Trust,NXDT,323307136,8.55
2519,West Bancorporation,WTBA,323296192,19.33
2520,Axogen,AXGN,323257440,7.51
2521,Citizens &amp; Northern Corp,CZNC,323062016,21.15
2522,Bit Digital,BTBT,322190880,3.55
2523,RE/MAX Holdings,RMAX,321827584,10.45
2524,Nature's Sunshine Products,NATR,321795264,16.87
2525,Emerald Holding,EEX,321380160,5.11
2526,SEACOR Marine,SMHI,319124128,11.75
2527,Home Bancorp,HBCP,318826176,39.13
2528,Aaron's,AAN,316031296,10.42
2529,Penseco Financial Services,PFIS,314866816,44.72
2530,Bridgewater Bancshares,BWB,314446720,11.23
2531,TScan Therapeutics,TCRX,313730016,6.56
2532,Tactile Medical,TCMD,313457984,13.34
2533,ON24,ONTF,312919808,7.54
2534,GoHealth,GOCO,312747968,13.98
2535,bluebird bio,BLUE,312700960,2.86
2536,ShotSpotter,SSTI,312672352,24.58
2537,Orion Office REIT,ONL,311810752,5.59
2538,Park Aerospace,PKE,311041536,15.36
2539,Stellus Capital,SCM,310979008,12.89
2540,Cerus,CERS,309846848,1.71
2541,Semler Scientific,SMLR,309637664,45.05
2542,Telos,TLS,309127008,4.44
2543,Viemed Healthcare,VMD,309066656,8.03
2544,Y-mAbs Therapeutics,YMAB,308840928,7.08
2545,LendingTree,TREE,308426400,23.72
2546,Bandwidth,BAND,307700416,12
2547,Sierra Bancorp,BSRR,306387584,20.84
2548,Lexicon Pharmaceuticals,LXRX,306156224,1.25
2549,Fulcrum Therapeutics,FULC,306021856,4.95
2550,Office Properties Income Trust,OPI,305699488,6.27
2551,Tile Shop Holdings,TTSH,304146048,6.83
2552,Park-Ohio Holdings,PKOH,304041216,23.23
2553,Sanara MedTech,SMTI,303628704,35.56
2554,Ring Energy,REI,303226496,1.55
2555,Poseida Therapeutics,PSTX,302173120,3.16
2556,Ascend Wellness (AWH),AAWH,302052832,1.4685
2557,Atlas Lithium,ATLX,301438720,27.1
2558,Solo Brands,DTC,301379744,5.21
2559,Vertex Energy,VTNR,301116064,3.22
2560,Farmers &amp; Merchants Bancorp,FMAO,300383072,21.98
2561,Northrim BanCorp,NRIM,300031392,54.3
2562,MeiraGTx,MGTX,298906816,4.7
2563,First Business Financial Services,FBIZ,298754368,35.93
2564,ZimVie,ZIMV,296938944,11.19
2565,Sterling Bancorp,SBT,296813824,5.7
2566,Outset Medical,OM,295203040,5.88
2567,Mineralys Therapeutics,MLYS,295134624,7.18
2568,Spok Holdings,SPOK,295122336,14.77
2569,Backblaze,BLZE,294784000,7.84
2570,Eastman Kodak Company,KODK,294346112,3.7
2571,Precigen,PGEN,293724416,1.18
2572,Zynex,ZYXI,293573984,8.66
2573,Avid Bioservices,CDMO,293429888,4.64
2574,Radiant Logistics,RLGT,293166240,6.25
2575,PlayAGS,AGS,292977184,7.57
2576,Utah Medical Products,UTMD,292212672,80.51
2577,ASA Gold and Precious Metals,ASA,291856192,15.13
2578,Gannett,GCI,291796960,1.96
2579,Nuvation Bio,NUVB,291195520,1.33
2580,Cooper Standard,CPS,291153696,16.93
2581,Granite Point Mortgage Trust,GPMT,290383008,5.63
2582,American Vanguard,AVD,290379040,10.1
2583,Humacyte,HUMA,290009984,2.8
2584,Nathan's Famous,NATH,289619328,70.99
2585,WhiteHorse Finance,WHF,289144160,12.44
2586,Financial Institutions,FISI,289110560,18.77
2587,Gevo,GEVO,288366016,1.2
2588,Ocular Therapeutix,OCUL,287495328,3.62
2589,Augmedix,AUGX,286475680,5.9
2590,First Bancorp,FNLC,286003328,25.78
2591,Willdan Group,WLDN,285900480,20.95
2592,Chicago Atlantic Real Estate Finance,REFI,285096896,15.68
2593,Orange County Bancorp,OBT,285009184,50.44
2594,Agenus,AGEN,284786016,0.7465
2595,Latham Group,SWIM,284594880,2.48
2596,Orchestra BioMed,OBIO,284164800,7.95
2597,Tabula Rasa HealthCare,TRHC,284033408,10.5
2598,CompX International,CIX,283586816,23.03
2599,Traeger,COOK,283070240,2.25
2600,Erasca,ERAS,282532704,1.87
2601,The Children's Place,PLCE,282361280,22.63
2602,Red Violet,RDVT,282133440,20.24
2603,Greenhill,GHL,282041344,14.99
2604,Rimini Street,RMNI,281575360,3.15
2605,KalVista Pharmaceuticals,KALV,280732544,8.16
2606,Xeris Pharmaceuticals,XERS,280393728,2.03
2607,Green Plains Partners,GPP,278944960,11.99
2608,LivePerson,LPSN,278905600,3.45
2609,Weyco Group,WEYS,278850144,29.36
2610,Unity Bancorp,UNTY,278799424,27.72
2611,Mondee,MOND,278073664,3.17
2612,Investors Title Company,ITIC,277883328,146.98
2613,AngioDynamics,ANGO,277332352,6.96
2614,Northwest Pipe Company,NWPX,277193056,27.68
2615,El Pollo Loco,LOCO,274272800,8.72
2616,BigBear.ai,BBAI,272859840,1.74
2617,Escalade Sports,ESCA,272812864,19.86
2618,MVB Financial,MVBF,272563232,21.4
2619,Potbelly Corporation,PBPB,272156096,9.27
2620,Allakos,ALLK,272051296,3.11
2621,Core Scientific,CORZQ,270601408,0.701
2622,Primis Financial,FRST,269772096,10.93
2623,Industrial Logistics Properties Trust,ILPT,268642688,4.08
2624,J.Jill,JILL,268460352,25.32
2625,AlloVir,ALVR,268048032,2.35
2626,Lands' End,LE,267917376,8.52
2627,NI Holdings,NODK,267688560,13.01
2628,Offerpad,OPAD,267427072,9.82
2629,TrueCar,TRUE,266893792,2.94
2630,HF Foods Group,HFFG,266434736,4.92
2631,Quad,QUAD,264238272,5.15
2632,Ooma,OOMA,263936016,10.31
2633,Transcontinental Realty Investors,TCI,263931216,30.55
2634,Orrstown Financial Services,ORRF,262592832,24.74
2635,Waterstone Financial,WSBF,261117040,12.69
2636,Angel Oak REIT,AOMR,260637728,10.44
2637,Southern First Bancshares,SFST,260049792,32.15
2638,Civista Bancshares,CIVB,259768784,16.55
2639,Matrix Service,MTRX,259346560,9.53
2640,FutureFuel,FF,259078144,5.92
2641,American Realty Investors,ARL,258593520,16.01
2642,Alpine Income Property Trust,PINE,258008624,16.75
2643,Franklin Street Properties,FSP,257540704,2.49
2644,NACCO Industries,NC,257512336,34.31
2645,Accuray,ARAY,257241344,2.65
2646,Solid Power,SLDP,256949280,1.44
2647,NL Industries,NL,256864224,5.26
2648,Intrepid Potash,IPI,255895888,19.45
2649,Kaltura,KLTR,254530800,1.8
2650,Southland Holdings,SLND,253348672,5.29
2651,BayCom (United Business Bank),BCML,252395904,21.85
2652,Third Coast Bancshares,TCBX,252363472,18.55
2653,Voxx International,VOXX,252266416,11.14
2654,eGain,EGAN,251566736,7.99
2655,AFC Gamma,AFCG,251425136,12.29
2656,Atea Pharmaceuticals,AVIR,251140864,3.01
2657,Comtech Telecommunications,CMTL,248190048,8.79
2658,Hooker Furniture,HOFT,248124000,23.25
2659,Timberland Bancorp,TSBK,248023408,30.6
2660,NuScale Power,SMR,247984880,3.23
2661,Destination XL,DXLG,247950240,4.12
2662,Coherus BioSciences,CHRS,247228080,2.22
2663,Mersana Therapeutics,MRSN,247193088,2.05
2664,Ranger Energy Services,RNGR,247056528,10.12
2665,LCNB,LCNB,246812288,15.14
2666,Pure Cycle (water),PCYO,245674128,10.2
2667,Argonaut Gold,AR.TO,245045811,0.28
2668,Blade Air Mobility,BLDE,244798864,3.28
2669,The RealReal,REAL,244429840,2.365
2670,PCB Bancorp,PCB,243691440,17.09
2671,Belpointe OZ,OZ,241616928,67.5
2672,Hyzon Motors,HYZN,241450464,0.9855
2673,Northann Corp,NCL,241380192,11.29
2674,Desktop Metal,DM,241246384,0.7429
2675,Maison Solutions,MSS,240816896,13.8
2676,Middlefield Banc,MBCN,240754256,29.75
2677,Dakota Gold,DC,240270640,2.77
2678,GEN Restaurant Group,GENK,239852288,7.43
2679,AMMO,POWW,239291216,2.02
2680,Ouster,OUST,238863792,5.87
2681,Foghorn Therapeutics,FHTX,237682272,5.63
2682,ThredUp,TDUP,237024720,2.21
2683,Ovid Therapeutics,OVID,236780000,3.35
2684,The Honest Company,HNST,236286496,2.475
2685,Inozyme Pharma,INZY,234999472,3.805
2686,Innodata,INOD,234556624,8.17
2687,eHealth,EHTH,234293248,8.26
2688,Clipper Realty,CLPR,233940912,5.52
2689,Reneo Pharmaceuticals,RPHM,233182592,7
2690,Renovaro Biosciences,RENB,232776368,3.49
2691,Gossamer Bio,GOSS,232171248,1.03
2692,Vera Bradley,VRA,231788960,7.52
2693,Clarus,CLAR,231185360,6.06
2694,Amplify Energy,AMPY,231061488,5.91
2695,Rigel Pharmaceuticals,RIGL,231040256,1.325
2696,Tillys,TLYS,230497760,7.69
2697,Central Valley Community Bancorp,CVCY,230272400,19.49
2698,Plumas Bancorp,PLBC,230230032,39.22
2699,Regional Management,RM,230034560,23.39
2700,TuSimple,TSP,229891008,1
2701,Southern States Bancshares,SSBK,229215184,25.94
2702,Bank7,BSVN,228923840,24.92
2703,Priority Technology Holdings,PRTH,228633344,2.98
2704,Ponce Financial Group,PDLB,228257232,9.65
2705,Rocky Brands,RCKY,227606064,30.85
2706,Alico,ALCO,227555440,29.9
2707,Mammoth Energy Services,TUSK,226764240,4.73
2708,Commercial Vehicle Group (CVG),CVGI,226174640,6.71
2709,Rayonier Advanced Materials,RYAM,226088160,3.46
2710,908 Devices,MASS,225682320,6.97
2711,Trinseo,TSE,224897328,6.39
2712,HireQuest,HQI,224068016,16.12
2713,Performant Financial,PFMT,223706256,2.91
2714,Heron Therapeutics,HRTX,223608752,1.49
2715,Innovid,CTV,223496768,1.59
2716,Gencor Industries,GENC,223236768,15.23
2717,CSI Compressco,CCLP,222932176,1.57
2718,Parke Bancorp,PKBK,222805952,18.65
2719,Quantum-Si,QSI,222512960,1.57
2720,Information Services Group,III,222374896,4.55
2721,Fiesta Restaurant Group,FRGI,222345456,8.49
2722,Fate Therapeutics,FATE,220868480,2.24
2723,NeuroPace,NPCE,220783072,8.4
2724,InfuSystem,INFU,220308384,10.4
2725,Lantronix,LTRX,220237920,5.91
2726,SelectQuote,SLQT,219730208,1.31
2727,Stratus Properties,STRS,218888064,27.35
2728,Cadiz,CDZI,218811424,3.28
2729,Heritage Insurance,HRTG,218556624,8.16
2730,Luna Innovations,LUNA,218014208,6.42
2731,Bankwell Financial Group,BWFG,217840208,27.78
2732,L.B. Foster,FSTR,217647328,19.65
2733,Sutro Biopharma,STRO,217602912,3.57
2734,Forum Energy Technologies,FET,217212832,21.31
2735,FingerMotion,FNGR,217012512,4.13
2736,Monte Rosa Therapeutics,GLUE,216850720,4.33
2737,Inspired Entertainment,INSE,216750208,8.23
2738,Akoya Biosciences,AKYA,216426032,4.41
2739,Vanda Pharmaceuticals,VNDA,216320320,3.76
2740,Twin Disc,TWIN,215835520,15.46
2741,Immuneering,IMRX,215713264,7.37
2742,Princeton Bancorp,BPRN,215654144,34.24
2743,SWK Holdings,SWKH,215303376,17.22
2744,Absci,ABSI,213758544,2.3
2745,Superior Group of Companies,SGC,213089872,12.91
2746,Stoke Therapeutics,STOK,212998624,4.77
2747,Akebia Therapeutics,AKBA,212879568,1.13
2748,Immersion Corporation,IMMR,212691200,6.68
2749,Satellogic,SATL,210970256,2.3
2750,RCM Technologies,RCMT,210926272,26.93
2751,Daseke,DSKE,209257648,4.5
2752,scPharmaceuticals,SCPH,208349504,5.81
2753,Porch Group,PRCH,207636656,2.1
2754,California BanCorp,CALB,207355520,24.7
2755,Arteris,AIP,206753184,5.61
2756,Lyra Therapeutics,LYRA,206572992,3.93
2757,System1,SST,206469264,1.89
2758,RGC Resources,RGCO,206053184,20.54
2759,ESS Tech,GWH,205879536,1.19
2760,Expensify,EXFY,205152464,2.45
2761,C&amp;F Financial Corporation,CFFI,204937104,60.84
2762,Hippo,HIPO,204713296,8.57
2763,Outbrain,OB,204132480,4.07
2764,Arcutis Biotherapeutics,ARQT,203865328,2.16
2765,CPI Card Group,PMTS,203231216,17.74
2766,BCB Bancorp,BCBP,202849920,12.04
2767,Ocwen,OCN,202596288,26.39
2768,Perpetua Resources,PPTA,201191616,3.18
2769,Turtle Beach Corp,HEAR,200842160,11.54
2770,Terran Orbital,LLAP,200294816,1.03
2771,Alto Ingredients,ALTO,200248208,2.63
2772,MISTRAS Group,MG,200026928,6.59
2773,Smith-Midland,SMID,199729008,37.99
2774,Zevra Therapeutics,ZVRA,199059792,5.08
2775,Virginia National Bankshares,VABK,198433936,36.98
2776,Codorus Valley Bancorp,CVLY,197892752,20.59
2777,Puma Biotechnology,PBYI,196469472,4.13
2778,Blink Charging,BLNK,196157280,2.91
2779,Iteris,ITI,195711648,4.58
2780,Quipt Home Medical,QIPT,195660384,4.65
2781,Butterfly Network,BFLY,195483632,0.9438
2782,Urban One,UONE,195210352,3.99
2783,Cormedix,CRMD,195130720,3.56
2784,Enanta Pharmaceuticals,ENTA,194794832,9.25
2785,Canoo,GOEV,194790624,0.2478
2786,First Internet Bancorp,INBK,194309696,22.48
2787,Ayr Wellness,AYRWF,194307968,2.54
2788,Braemar Hotels &amp; Resorts,BHR,193791008,2.29
2789,Redwire,RDW,193751408,2.99
2790,Asure Software,ASUR,193342336,7.78
2791,Eos Energy Enterprises,EOSE,192838080,1.22
2792,Graham Corporation,GHM,192327504,17.97
2793,BlackSky Technology,BKSY,191603920,1.34
2794,Richardson Electronics,RELL,191446528,13.41
2795,ESSA Bancorp,ESSA,190237952,18.29
2796,1stdibs.Com,DIBS,189510880,4.74
2797,Lifeway Foods,LWAY,188926256,12.86
2798,Invivyd,IVVD,187195504,1.7
2799,Summit Midstream,SMLP,186979136,18.02
2800,Merrimack Pharmaceuticals,MACK,186602624,13.03
2801,Rekor Systems,REKR,186005712,2.69
2802,Verastem Oncology,VSTM,185968064,7.36
2803,Aldeyra Therapeutics,ALDX,185877840,3.16
2804,PrimeEnergy Resources,PNRG,185717376,102.01
2805,Lifecore Biomedical,LFCR,185046512,6.27
2806,Prelude Therapeutics,PRLD,184180752,3.36
2807,Everspin Technologies,MRAM,183534272,8.73
2808,Motorcar Parts of America,MPAA,183329200,9.35
2809,XOMA,XOMA,183230400,15.95
2810,CarParts.com,PRTS,182845552,3.18
2811,Transphorm,TGAN,182288816,2.94
2812,Lineage Cell Therapeutics,LCTX,181986480,1.04
2813,Atomera,ATOM,181624960,7.04
2814,Planet13,PLTH.CN,181567145,0.82
2815,Aemetis,AMTX,179753680,4.55
2816,Ames National Corp.,ATLO,178764336,19.88
2817,Big Lots,BIG,178379008,6.11
2818,OptimizeRx,OPRX,178257552,9.82
2819,Park City Group,PCYG,178119904,9.8
2820,Standard BioTools,LAB,177844800,2.24
2821,Western New England Bancorp,WNEB,177610704,8.18
2822,Seven Hills Realty Trust,SEVN,176255648,11.9
2823,Direct Digital Holdings,DRCT,175383216,12.29
2824,StarTek,SRT,175100784,4.34
2825,Provident Bancorp,PVBC,174697168,9.88
2826,Full House Resorts,FLL,174320496,5.04
2827,Identiv,INVE,174271488,7.52
2828,Kopin Corporation,KOPN,172381552,1.56
2829,Zura Bio,ZURA,172374800,4
2830,eMagin,EMAN,172198960,2.07
2831,Duluth Holdings,DLTH,172031744,4.99
2832,MainStreet Bancshares,MNSB,171396624,22.77
2833,Sachem Capital,SACH,170993632,3.77
2834,Oxford Square Capital,OXSQ,170901328,2.94
2835,PFSweb,PFSW,170476144,7.49
2836,National Bankshares,NKSH,170271280,28.9
2837,Esperion Therapeutics,ESPR,169439824,1.49
2838,AG Mortgage Investment Trust,MITT,169251248,5.75
2839,GrowGeneration,GRWG,167379856,2.73
2840,Theseus Pharmaceuticals,THRX,167189776,3.78
2841,Tingo Group,TIO,166947568,0.69
2842,Red Robin,RRGB,166719600,10.77
2843,Townsquare Media,TSQ,166712448,10.13
2844,Zomedica Pharmaceuticals,ZOM,166591504,0.17
2845,PepGen,PEPG,165980096,6.97
2846,Kodiak Sciences,KOD,165812480,3.16
2847,Tredegar,TG,165505360,4.81
2848,LuxUrban Hotels,LUXH,165394528,4.49
2849,Xtant Medical,XTNT,165239696,1.27
2850,Vericity,VERY,164517504,11.06
2851,First Western Financial,MYFW,164462448,17.2
2852,Quicklogic,QUIK,164417376,11.82
2853,Invitae,NVTA,163988576,0.5724
2854,G1 Therapeutics,GTHX,162789216,3.14
2855,Allbirds,BIRD,162023104,1.06
2856,Bakkt Holdings,BKKT,161830224,1.77
2857,Omeros Corporation,OMER,161564336,2.57
2858,Rani Therapeutics,RANI,161212624,3.14
2859,Verrica Pharmaceuticals,VRCA,161107408,3.83
2860,Portman Ridge,PTMN,161072544,17.05
2861,Acumen Pharmaceuticals,ABOS,160412080,2.77
2862,PDS Biotechnology,PDSB,160205168,5.15
2863,inTEST Corporation,INTT,160042704,13.16
2864,Evans Bancorp,EVBN,159627312,29.11
2865,Vacasa,VCSA,159571936,7.17
2866,Codexis,CDXS,159212848,2.28
2867,Stereotaxis,STXS,158533824,1.96
2868,Gritstone bio,GRTS,158267872,1.66
2869,Universal Stainless & Alloy Products,USAP,157680960,17.35
2870,2seventy bio,TSVT,156936256,3.1
2871,Bassett Furniture,BSET,156907632,17.79
2872,Root Insurance,ROOT,156220000,10.7
2873,SKYX Platforms,SKYX,155761216,1.69
2874,Sportsman's Warehouse,SPWH,155629760,4.16
2875,The ONE Group Hospitality,STKS,154490096,4.94
2876,KLX Energy Services,KLXE,153901408,9.38
2877,Ebix,EBIX,153888976,4.98
2878,1-800-PetMeds,PETS,153315744,7.25
2879,Citizens Inc,CIA,153117216,3.09
2880,Larimar Therapeutics,LRMR,152353472,3.47
2881,Geospace Technologies,GEOS,151375328,11.47
2882,Harpoon Therapeutics,HARP,151374752,8.94
2883,Peoples Bancorp of North Carolina,PEBK,151360208,27.31
2884,Greenwich LifeSciences,GLSI,151351792,11.78
2885,Computer Programs and Systems,CPSI,151307520,10.4
2886,Silvercrest Asset Management Group,SAMG,150970928,16.16
2887,Hawthorn Bancshares,HWBK,150641440,21.4
2888,Babcock &amp; Wilcox,BW,150143952,1.68
2889,FinWise Bancorp,FINW,149923200,12
2890,Noodles &amp; Company,NDLS,149613568,3.33
2891,Aeva Technologies,AEVA,149300560,0.5725
2892,Vor Biopharma,VOR,149172528,2.2
2893,Spire Global,SPIR,147844944,7.09
2894,American Public Education,APEI,147426048,8.29
2895,X4 Pharmaceuticals,XFOR,147266272,0.8803
2896,First Northwest Bancorp,FNWB,146296480,15.21
2897,Rigetti Computing,RGTI,146204224,1.04
2898,Penns Woods Bancorp,PWOD,146136416,20.4
2899,MiX Telematics,MIXT,145929424,6.55
2900,Actinium Pharmaceuticals,ATNM,145839296,5.32
2901,Markforged,MKFG,145636624,0.734
2902,Manitex International,MNTX,145612608,7.19
2903,orion-group-holdings,ORN,145235216,4.47
2904,WM Technology,MAPS,144985424,0.8829
2905,Latch,LTCH,144717136,0.83
2906,374Water,SCWO,144607040,1.09
2907,HomeStreet Bank,HMST,144273472,7.67
2908,Praxis Precision Medicines,PRAX,144233264,16.83
2909,Acme United,ACU,143366960,39.99
2910,ReneSola,SOL,143203744,2.5
2911,Upland Software,UPLD,143135200,4.56
2912,The Original BARK Company,BARK,142797312,0.7965
2913,OP Bancorp (Open Bank),OPBK,142492400,9.5
2914,Nuvectis Pharma,NVCT,141904848,8.19
2915,Biodesix,BDSX,141143024,1.56
2916,Annexon,ANNX,141083360,2.65
2917,Seres Therapeutics,MCRB,140890128,1.09
2918,Cato Fashion,CATO,140391072,6.82
2919,Aquestive Therapeutics,AQST,140211328,2.1
2920,"NN, Inc.",NNBR,140164288,2.96
2921,Saga Communications,SGA,139922656,22.85
2922,Sight Sciences,SGHT,139912208,2.87
2923,Lifetime Brands,LCUT,139610880,6.4
2924,The Joint Corp.,JYNT,139428128,9.45
2925,Virco Manufacturing,VIRC,139115520,8.51
2926,Skillz,SKLZ,138766608,6.47
2927,OptiNose,OPTN,138705328,1.235
2928,Inogen,INGN,138448336,5.94
2929,Big 5 Sporting Goods,BGFV,137808608,6.14
2930,Skillsoft,SKIL,137723024,16.75
2931,Riverview Bancorp,RVSB,136165952,6.45
2932,Design Therapeutics,DSGN,136084864,2.43
2933,Sera Prognostics,SERA,136000416,4.34
2934,Great Ajax,AJX,135973520,4.95
2935,Citius Pharmaceuticals,CTXR,135744160,0.8545
2936,TELA Bio,TELA,135667952,5.54
2937,Tenaya Therapeutics,TNYA,135540896,1.99
2938,Selecta Biosciences,SELB,135200752,0.8812
2939,Vuzix,VUZI,134887792,2.13
2940,Innovative Solutions and Support,ISSC,134690832,7.72
2941,Whole Earth Brands,FREE,134551824,3.14
2942,Union Bankshares,UNB,134450368,29.83
2943,Travelzoo,TZOO,134408720,9.62
2944,Nkarta,NKTX,133967376,2.73
2945,PCTEL,PCTI,133733376,6.91
2946,Hurco Companies,HURC,133443192,20.65
2947,Cel-Sci,CVM,132948936,2.66
2948,Jushi Holdings,JUSHF,132569296,0.6742
2949,Century Casinos,CNTY,132065560,4.35
2950,Purple Innovation,PRPL,131404768,1.245
2951,Richmond Mutual Bancorporation,RMBI,131000752,11.65
2952,ContextLogic (wish.com),WISH,130849048,5.45
2953,Ventyx Biosciences,VTYX,130496304,2.21
2954,Graphite Bio,GRPH,130492128,2.25
2955,Fonar Corporation,FONR,130389432,19.82
2956,Cambium Networks,CMBM,129749320,4.69
2957,Nutex Health,NUTX,129393856,0.1929
2958,Zevia,ZVIA,129060000,2
2959,Emergent BioSolutions,EBS,128999432,2.49
2960,Mind Medicine,MNMD,128703992,3.21
2961,Partners Bancorp,PTRS,128597040,7.15
2962,Velo3D,VLD,128307368,0.639
2963,Paysign,PAYS,128193192,2.43
2964,Hanover Bancorp,HNVR,127633472,17.8
2965,ARC Document Solutions,ARC,127166928,2.96
2966,XBiotech,XBIT,126922296,4.17
2967,Anixa Biosciences,ANIX,126765600,4.08
2968,Vigil Neuroscience,VIGL,126647224,3.53
2969,Omega Therapeutics,OMGA,126274720,2.29
2970,VistaGen Therapeutics,VTGN,125656952,4.65
2971,Wrap Technologies,WRAP,125568328,2.84
2972,William Penn Bancorp,WMPN,125152704,12.43
2973,Quest Resource Holding,QRHC,124170784,6.19
2974,Yellow Corporation,YELLQ,124066784,2.38
2975,American Resources Corp,AREC,122881240,1.57
2976,PHX Minerals,PHX,121730984,3.29
2977,Aadi Bioscience,AADI,121648464,4.96
2978,Talaris Therapeutics,TALS,119572832,2.72
2979,Abeona Therapeutics,ABEO,118416376,4.78
2980,AdTheorent,ADTH,118244152,1.34
2981,PMV Pharmaceuticals,PMVP,118174056,2.31
2982,Investar Holding,ISTR,118012152,12.1
2983,DHI Group,DHX,117981104,2.52
2984,ECB Bancorp,ECBK,117640160,12.53
2985,Galectin Therapeutics,GALT,117512528,1.9
2986,Ultralife Corporation,ULBI,116831720,7.15
2987,Modiv,MDV,115749632,15.25
2988,BBX Capital Corporation,BBXIA,115517224,7.8
2989,Unifi,UFI,114859248,6.34
2990,First Guaranty Bancshares,FGBI,114768240,10.04
2991,Hyliion,HYLN,114243120,0.625
2992,BankFinancial,BFIN,114055864,9.09
2993,Capricor Therapeutics,CAPR,113625800,3.69
2994,MariMed,MRMD,113250328,0.3011
2995,Ohio Valley Banc Corp,OVBC,113123184,23.7
2996,Generation Bio,GBIO,112993384,1.71
2997,Landmark Bancorp,LARK,112925080,20.6
2998,Lument Finance Trust,LFT,112819400,2.16
2999,a.k.a. Brands,AKA,112648328,10.6
3000,Lazydays Holdings,LAZY,112364280,8.01
3001,Devolver Digital,DEVO.L,112004633,0.25
3002,Acrivon Therapeutics,ACRV,111637336,5.03
3003,Outlook Therapeutics,OTLK,110942440,0.4263
3004,Origin Materials,ORGN,110618720,0.7667
3005,Lakeland Industries,LAKE,110545048,15.01
3006,Perma-Fix Environmental Services,PESI,110267736,8.1
3007,Rallybio,RLYB,109223800,2.89
3008,Seer,SEER,109141096,1.71
3009,Intevac,IVAC,108922560,4.13
3010,KORU Medical Systems,KRMD,108921520,2.385
3011,Longboard Pharmaceuticals,LBPH,108311688,4.54
3012,NioCorp Developments,NB,107956224,3.25
3013,Kinnate Biopharma,KNTE,107888080,2.29
3014,Journey Medical,DERM,107718888,5.82
3015,Vaxart,VXRT,107567592,0.7075
3016,Workhorse Group,WKHS,107500280,0.412
3017,MarketWise,MKTW,107263880,2.74
3018,BG Staffing,BGSF,106210000,9.765
3019,Veru,VERU,105628064,1.17
3020,Scilex Holding,SCLX,105461840,1.1
3021,Alliance Entertainment,AENT,104976896,0.95
3022,Werewolf Therapeutics,HOWL,104957384,2.9
3023,Brightcove,BCOV,104332808,2.4
3024,LL Flooring,LL,104007632,3.37
3025,Inovio Pharmaceuticals,INO,103734672,0.38
3026,GlycoMimetics,GLYC,103673216,1.61
3027,SuRo Capital,SSSS,103609408,4.11
3028,Assertio Therapeutics,ASRT,103188664,1.09
3029,Danimer Scientific,DNMR,103055352,1.01
3030,Oportun Financial,OPRT,103032904,3.01
3031,KVH Industries,KVHI,102368368,5.22
3032,Westwood Holdings Group,WHG,102248480,11.18
3033,Solid Biosciences,SLDB,102097640,5.06
3034,Carisma Therapeutics,CARM,101699136,2.52
3035,AXT Inc,AXTI,101691216,2.33
3036,The Container Store,TCS,101375320,1.96
3037,Shattuck Labs,STTK,100690632,2.37
3038,ChromaDex,CDXC,100666696,1.34
3039,Midwest Holding,MDWT,100056776,26.72
3040,Blue Apron Holdings,APRN,99978960,12.99
3041,FAT Brands,FAT,99783000,6
3042,Flexsteel Industries,FLXS,99764960,19.18
3043,Ocugen,OCGN,99676672,0.3886
3044,Universal Electronics,UEIC,99472128,7.68
3045,Ellington Residential Mortgage REIT,EARN,99441784,6.09
3046,Friedman Industries,FRD,99050016,13.43
3047,PhenomeX,CELL,98794424,0.9981
3048,Focus Universal,FCUV,98529136,1.52
3049,Karyopharm Therapeutics,KPTI,98499240,0.86
3050,CytomX Therapeutics,CTMX,98473688,1.47
3051,Vaxxinity,VAXX,98101400,0.774
3052,Armata Pharmaceuticals,ARMP,97595824,2.7
3053,Martin Midstream Partners,MMLP,97287000,2.5
3054,Heritage Global,HGBL,97069360,2.63
3055,Vroom,VRM,96831952,0.6928
3056,Nektar Therapeutics,NKTR,96530128,0.506
3057,VirTra,VTSI,96191048,8.67
3058,Sunlight Financial,SUNL,96130248,0.25
3059,TPI Composites,TPIC,95785200,2.25
3060,Atossa Therapeutics,ATOS,94378976,0.7532
3061,Intensity Therapeutics,INTS,94320672,6.88
3062,U.S. GoldMining,USGO,94230120,7.6
3063,Corvus Pharmaceuticals,CRVS,94154112,1.92
3064,LiveOne,LVO,94100616,1.07
3065,CASI Pharmaceuticals,CASI,93783360,7.04
3066,ASP Isotopes,ASPI,93644736,1.92
3067,Dave Inc.,DAVE,93521968,7.76
3068,Lulu's Fashion Lounge,LVLU,93494016,2.31
3069,The Oncology Institute,TOI,92923736,1.26
3070,BioXcel Therapeutics,BTAI,92794464,3.17
3071,INNOVATE Corp.,VATE,92704944,1.17
3072,Flotek Industries,FTK,92547936,3.12
3073,RumbleON,RMBL,92388968,5.48
3074,Ikena Oncology,IKNA,91690392,1.9
3075,Edgio,EGIO,91346536,0.405
3076,4Front Ventures,FFNTF,91072280,0.13
3077,Adverum Biotechnologies,ADVM,90934400,0.9001
3078,ProPhase Labs,PRPH,90766352,5.03
3079,Oramed Pharmaceuticals,ORMP,90359360,2.24
3080,Tupperware Brands,TUP,88837056,1.92
3081,Enviva,EVA,88650832,1.19
3082,Old Point Financial,OPOF,88418128,17.55
3083,Advanced Emissions Solutions,ADES,88093464,2.69
3084,Ashford Hospitality Trust,AHT,87423952,2.29
3085,Syros Pharmaceuticals,SYRS,87217792,4.14
3086,Inotiv,NOTV,87145528,3.38
3087,Superior Industries International,SUP,87083336,3.1
3088,Summit State Bank,SSBI,86972160,12.82
3089,Lifevantage,LFVN,86327384,6.79
3090,M-tron Industries,MPTI,86284272,30.95
3091,Chimerix,CMRX,86233448,0.9701
3092,Sangamo Therapeutics,SGMO,86013304,0.485
3093,PowerFleet,PWFL,85960408,2.31
3094,Stabilis Solutions,SLNG,85809104,4.62
3095,Territorial Bancorp,TBNK,84470656,9.57
3096,Battalion Oil,BATL,84257792,5.12
3097,Golden Matrix Group,GMGI,83977504,2.324
3098,MediciNova,MNOV,83378544,1.7
3099,Sagimet Biosciences,SGMT,83112120,3.63
3100,Provident Financial Holdings,PROV,82783272,11.85
3101,Kronos Bio,KRON,82226264,1.41
3102,2U,TWOU,82069200,1
3103,Pyxis Oncology,PYXS,81997552,1.85
3104,Veritone,VERI,81515064,2.2
3105,Great Elm Capital,GECC,81340968,10.7
3106,Taylor Devices,TAYD,81308664,23.09
3107,Sono-Tek Corporation,SOTK,81079024,5.15
3108,Ondas Holdings,ONDS,81052704,1.39
3109,Idaho Strategic Resources,IDR,80892896,6.6
3110,Pathfinder Bancorp,PBHC,80836384,13.2528
3111,Eyenovia,EYEN,80302408,1.82
3112,SurgePays,SURG,79677920,5.6
3113,CareMax,CMAX,79589576,0.71
3114,Smart Sand,SND,79572544,1.93
3115,authID,AUID,78907088,8.35
3116,Nine Energy Service,NINE,77714784,2.2
3117,Interlink Electronics,LINK,77502392,11.79
3118,Spruce Power,SPRU,77279080,4.24
3119,Relmada Therapeutics,RLMD,77053952,2.56
3120,BioAtla,BCAB,76217920,1.59
3121,Eagle Pharmaceuticals,EGRX,75973952,5.85
3122,Bakhu Holdings,BKUH,75325752,0.25
3123,Where Food Comes From,WFCF,75230312,13.57
3124,Athira Pharma,ATHA,74967560,1.97
3125,Loop Media,LPTV,74807024,1.14
3126,ZeroFox,ZFOX,74726400,0.6
3127,Rubicon Technologies,RBT,74066184,1.77
3128,Apyx Medical,APYX,73445064,2.12
3129,Trevi Therapeutics,TRVI,73436240,1.15
3130,ACRES Commercial Realty,ACR,71784048,8.49
3131,Aclaris Therapeutics,ACRS,71544560,1.01
3132,Sonida Senior Living,SNDA,71474408,8.74
3133,Profire Energy,PFIE,71382000,1.5
3134,Cepton,CPTN,71311048,4.5
3135,Gaia,GAIA,71193688,2.84
3136,Accelerate Diagnostics,AXDX,71152432,4.89
3137,NGM Biopharmaceuticals,NGM,70986448,0.8582
3138,Doma,DOMA,70945776,5.28
3139,Sezzle,SEZL,70905616,12.45
3140,Genasys,GNSS,70885816,1.65
3141,5E Advanced Materials,FEAM,70779360,1.6
3142,The Beachbody Company,BODY,70301704,11.24
3143,aTyr Pharma,LIFE,70272120,1.2
3144,Perspective Therapeutics,CATX,70142752,0.25
3145,Zynerba Pharmaceuticals,ZYNE,70121216,1.3
3146,Spero Therapeutics,SPRO,69959080,1.32
3147,Coya Therapeutics,COYA,69811584,6.96
3148,Culp,CULP,69636312,5.59
3149,Leap Therapeutics,LPTX,69537888,2.72
3150,Asensus Surgical,ASXC,69277488,0.2621
3151,Personalis,PSNL,69134272,1.41
3152,Conn's,CONN,69123896,2.84
3153,TransAct Technologies,TACT,69109352,6.94
3154,Wag! Group,PET,69071728,1.76
3155,Gulf Island Fabrication,GIFI,69059000,4.24
3156,PEDEVCO,PED,68857944,0.7892
3157,Atara Biotherapeutics,ATRA,68338696,0.6705
3158,Grove Collaborative,GROV,68159000,1.82
3159,Cara Therapeutics,CARA,68100872,1.25
3160,Clearside Biomedical,CLSD,68025704,1.09
3161,Curis,CRIS,67861096,11.535
3162,The Arena Group,AREN,67691112,2.84
3163,Siebert Financial,SIEB,67643760,1.709
3164,Magyar Bancorp,MGYR,67200600,10.087
3165,Fossil Group,FOSL,67171200,1.28
3166,Odyssey Marine Exploration,OMEX,67054544,3.33
3167,Glatfelter,GLT,65826876,1.46
3168,Via Renewables,VIA,65709080,9.085
3169,Pixelworks,PXLW,65197524,1.15
3170,Barnes &amp; Noble Education,BNED,64827644,1.23
3171,Liberty TripAdvisor Holdings,LTRPA,64816000,0.5
3172,Farmer Brothers,FARM,64527212,3.11
3173,Intuitive Machines,LUNR,64345372,3.06
3174,Enzo Biochem,ENZ,64122044,1.27
3175,C4 Therapeutics,CCCC,64065296,1.3
3176,Natural Health Trends,NHTC,64033408,5.56
3177,Quantum Computing,QUBT,63832620,0.85
3178,Perma-Pipe International,PPIH,63650144,7.93
3179,Ocuphire Pharma,OCUP,62932528,2.78
3180,AVROBIO,AVRO,62849196,1.41
3181,Kezar Life Sciences,KZR,62552324,0.8605
3182,SCYNEXIS,SCYX,62509104,1.68
3183,GEE Group,JOB,61970064,0.5477
3184,Comscore,SCOR,61817016,0.65
3185,Oconee Federal Financial,OFED,61701968,11
3186,Tempest Therapeutics,TPST,61592000,3.2
3187,NeoVolta,NEOV,61486784,1.85
3188,Lake Shore Bancorp,LSBK,61460424,10.8
3189,Pioneer Power Solutions,PPSI,61367520,6.18
3190,Steel Connect,STCN,61293508,9.78
3191,Mullen Automotive,MULN,61138504,0.148
3192,Spruce Biosciences,SPRB,61066048,1.5
3193,FibroGen,FGEN,60970924,0.62
3194,Smith Micro Software,SMSI,60417756,0.84
3195,Reading International,RDI,60403788,1.8617
3196,Clean Energy Technologies,CETY,60012260,1.54
3197,Adicet Bio,ACET,59567008,1.38
3198,Pro-Dex,PDEX,59453252,16.76
3199,Silver Spike Investment,SSIC,59226088,9.53
3200,Village Bank and Trust Financial,VBFC,58948148,39.7
3201,Logan Ridge Finance,LRFC,58843920,21.99
3202,PermRock Royalty Trust,PRT,58823592,4.8352
3203,Lucid Diagnostics,LUCD,58745464,1.37
3204,Lee Enterprises,LEE,58444928,9.6247
3205,Bionano Genomics,BNGO,57095244,1.47
3206,Kartoon Studios,TOON,57006344,1.62
3207,Jasper Therapeutics,JSPR,56903248,0.51
3208,Cytosorbents,CTSO,56881280,1.28
3209,Sotherly Hotels,SOHO,56853652,1.43
3210,Surf Air Mobility,SRFM,55882892,0.759
3211,Western Asset Mortgage Capital,WMC,55534964,9.18
3212,Knightscope,KSCP,55077940,0.65
3213,Comstock Mining,LODE,54559152,0.4658
3214,Allied Esports,AESE,54324936,1.3899
3215,Matinas BioPharma,MTNB,54229340,0.2496
3216,Longeveron,LGVN,53914996,2.27
3217,Eargo,EAR,53774616,2.59
3218,Buzzfeed,BZFD,53725472,0.3549
3219,Casa Systems,CASA,53568412,0.5405
3220,Manhattan Bridge Capital,LOAN,53460472,4.6692
3221,Immunic,IMUX,53271568,1.18
3222,Neuronetics,STIM,52947576,1.83
3223,Cryo-Cell,CCEL,52621052,6.35
3224,Delta Apparel,DLA,52575152,7.5
3225,CervoMed,CRVO,52489312,9.25
3226,Cue Health,HLTH,52110984,0.337
3227,Bright Health,BHG,51963408,6.51
3228,Ideal Power,IPWR,51311344,8.6305
3229,LightPath Technologies,LPTH,51146140,1.365
3230,Harte Hanks,HHS,50658496,7.02
3231,Milestone Scientific,MLSS,50444220,0.71
3232,DermTech,DMTK,50337212,1.47
3233,Broadwind,BWEN,50330652,2.35
3234,Rockwell Medical,RMTI,50141872,1.76
3235,VolitionRx,VNRX,50099312,0.6367
3236,TechPrecision,TPCS,50033476,5.71
3237,Nicholas Financial,NICK,49932000,6.84
3238,Hour Loop,HOUR,49817148,1.42
3239,PLBY Group (Playboy),PLBY,49643624,0.6703
3240,Lightbridge Corporation,LTBR,49517896,3.82
3241,Turnstone Biologics,TSBX,49188304,2.13
3242,Precision BioSciences,DTIL,49096784,0.4027
3243,Hydrofarm,HYFM,48962776,1.07
3244,BioLargo,BLGO,47854348,0.1653
3245,Mesa Air,MESA,47771800,1.17
3246,Vivani Medical,VANI,47764596,0.9361
3247,KORE,KORE,47690832,0.55
3248,Rapid Micro Biosystems,RPID,47486768,1.12
3249,Vicarious Surgical,RBOT,46870252,0.268
3250,Beyond Air,XAIR,46839568,1.465
3251,Nauticus Robotics,KITT,46533296,0.93
3252,Cano Health,CANO,46441836,8.59
3253,Inuvo,INUV,46430940,0.3365
3254,Fortress Biotech,FBIO,46262736,3.12
3255,Owlet,OWLT,46100144,5.38
3256,Stronghold Digital Mining,SDIG,45973772,5.2
3257,Courtside Group (PodcastOne),PODC,45889004,1.99
3258,Cutera,CUTR,45634428,2.28
3259,Benson Hill,BHIL,45614164,0.2189
3260,The InterGroup Corporation,INTG,44163148,20.03
3261,WeWork,WE,44079976,0.8355
3262,Minerva Neurosciences,NERV,44058484,6.3
3263,Vista Gold,VGZ,43954944,0.363
3264,DZS Inc,DZSI,43935316,1.41
3265,Rafael Holdings,RFL,43866812,1.79
3266,iCAD,ICAD,43745480,1.66
3267,Rent the Runway,RENT,43624980,0.6327
3268,Instil Bio,TIL,43381348,6.67
3269,Katapult Holdings,KPLT,43154732,10.6157
3270,Usio,USIO,42880900,1.63
3271,Hycroft Mining,HYMC,42447928,2.1
3272,Party City,PRTY,42402844,0.3742
3273,Movano,MOVE,42258540,0.759
3274,FreightCar America,RAIL,42162508,2.355
3275,Presto Automation,PRST,41763784,0.6213
3276,Solitario Zinc,XPL,41733892,0.5277
3277,VYNE Therapeutics,VYNE,41732328,2.99
3278,GeneDx Holdings,WGS,41673724,1.61
3279,Palatin Technologies,PTN,41486040,3.02
3280,Rain Therapeutics,RAIN,41468296,1.14
3281,Quince Therapeutics,QNCX,41368488,0.965
3282,Lantern Pharma,LTRN,41179008,3.84
3283,Cenntro Electric Group,CENN,41100616,1.35
3284,Know Labs,KNW,40982832,0.51
3285,the Marygold Companies,MGLD,40615784,1.03
3286,Home Federal Bancorp (HFB Bank),HFBL,40576880,12.95
3287,Akoustis Technologies,AKTS,40453148,0.5581
3288,Fluent,FLNT,39887464,0.491
3289,KULR Technology,KULR,39631560,0.3099
3290,Silvergate Capital,SI,39573248,1.25
3291,Celularity,CELU,39335288,0.206
3292,Greenidge Generation Holdings,GREE,39305124,5.34
3293,Expion360,XPON,39080124,5.655
3294,Zion Oil &amp; Gas,ZNOG,38135096,0.063
3295,Co-Diagnostics,CODX,37308700,1.22
3296,IZEA Worldwide,IZEA,37085444,2.3997
3297,Societal CDMO,SCTL,37084472,0.3539
3298,EMCORE Corporation,EMKR,36837364,0.4799
3299,Rite Aid,RAD,36756212,0.6483
3300,XOS,XOS,36643876,6.18
3301,Kirkland's,KIRK,36315596,2.81
3302,Helbiz,HLBZ,36295920,0.1167
3303,Charlotte's Web,CWEB.TO,36218150,0.24
3304,HeartBeam,BEAT,35807440,1.36
3305,MiNK Therapeutics,INKT,35209888,1.02
3306,Dragonfly Energy,DFLI,34944408,0.5868
3307,Sellas Life Sciences,SLS,34306664,1.07
3308,Intellicheck,IDN,34257112,1.77
3309,BeyondSpring,BYSI,34253208,0.88
3310,U.S. Gold Corp,USAU,34012548,3.6589
3311,Westwater Resources,WWR,33833748,0.617
3312,NCS Multistage,NCSM,33562428,13.76
3313,eFFECTOR Therapeutics,EFTR,33552004,0.5192
3314,Retractable Technologies,RVP,33526670,1.1199
3315,electroCore,ECOR,33313432,5.55
3316,Red Cat Holdings,RCAT,32899992,0.59
3317,Dolphin Entertainment,DLPN,32654340,1.8
3318,Sonder Holdings,SOND,32198278,2.91
3319,Akili,AKLI,32107018,0.41
3320,Rave Restaurant Group,RAVE,32090520,2.2
3321,Team Inc,TISI,32064204,7.34
3322,Fathom Digital Manufacturing,FATH,31985272,4.68
3323,AppTech Payments,APCX,31863986,1.54
3324,Express,EXPR,31722100,8.47
3325,Sonim Technologies,SONM,31439202,0.73
3326,Koss,KOSS,31122200,3.3701
3327,CURO Group,CURO,30562370,0.74
3328,Vintage Wine Estates,VWE,30475052,0.5111
3329,Inseego,INSG,30170852,0.2578
3330,ATI Physical Therapy,ATIP,29843654,7.09
3331,Nautilus,NLS,29608236,0.8204
3332,CaliberCos,CWD,29597656,1.3909
3333,Science 37,SNCE,29431408,4.93
3334,Astra Space,ASTR,29333978,1.3
3335,Phoenix Motor,PEV,29169904,1.37
3336,SmileDirectClub,SDC,29108252,0.075
3337,Kingstone Companies,KINS,28834924,2.68
3338,Sio Gene Therapies,SIOX,28739366,0.3885
3339,Orion Energy Systems,OESX,28617240,0.8802
3340,Dare Bioscience,DARE,28583068,0.29
3341,Aterian,ATER,28326976,0.314
3342,Regulus Therapeutics,RGLS,28311780,1.4
3343,ImmunoPrecise Antibodies,IPA,28306838,1.13
3344,Singular Genomics Systems,OMIC,28253030,0.385
3345,NRx Pharmaceuticals,NRXP,28233028,0.3315
3346,BioSig Technologies,BSGM,28018216,0.318
3347,Biora Therapeutics,BIOR,27733328,1.17
3348,Unity Biotechnology,UBX,27633122,1.89
3349,NanoString Technologies,NSTG,27629526,0.5742
3350,AIM ImmunoTech,AIM,27297626,0.5589
3351,Cheetah Net Supply Chain Service,CTNT,27053160,1.51
3352,Synlogic,SYBX,26373434,2.87
3353,Camber Energy,CEI,25861206,0.2405
3354,SPI Energy,SPI,25630114,0.811
3355,Local Bounti,LOCL,25476958,3.08
3356,Sorrento Therapeutics,SRNEQ,24476876,0.0444
3357,OncoCyte,OCX,24369242,2.95
3358,Verde Clean Fuels,VGAS,24220626,2.58
3359,Quantum,QMCO,24121304,0.2538
3360,AEye,LIDR,23988234,0.1275
3361,JOANN,JOAN,23973494,0.572
3362,PAVmed,PAVM,23829954,2.96
3363,Corbus Pharmaceuticals,CRBP,23578214,5.33
3364,Beasley Broadcast Group,BBGI,23376554,0.7801
3365,vTv Therapeutics,VTVT,23345052,11.46
3366,Xilio Therapeutics,XLO,23327990,0.8474
3367,Duos Technologies Group,DUOT,23045874,3.18
3368,Lumos Pharma,LUMO,22714844,2.87
3369,The Glimpse Group,VRAR,22387514,1.34
3370,Exela Technologies,XELA,22087764,3.47
3371,TherapeuticsMD,TXMD,21996416,2.08
3372,Upexi,UPXI,21931452,1.08
3373,Drive Shack,DSHK,21710474,0.235
3374,Wheeler Real Estate Investment Trust,WHLR,21518674,0.4002
3375,CXApp,CXAI,21147000,1.4
3376,Ekso Bionics,EKSO,20925156,1.47
3377,Novo Integrated Sciences,NVOS,20846756,1.24
3378,Ocean Biomedical,OCEA,20636392,0.6054
3379,Ideanomics,IDEX,20592356,1.72
3380,Kala Pharmaceuticals,KALA,20252262,7.52
3381,Advent Technologies,ADN,19891176,0.3181
3382,Ocean Power Technologies,OPTT,19805912,0.3369
3383,Pieris Pharmaceuticals,PIRS,19424400,0.1965
3384,Viracta Therapeutics,VIRX,19339338,0.5007
3385,India Globalization Capital,IGC,19292340,0.302699
3386,Femasys,FEMY,19246494,0.889
3387,CISO Global (Cerberus Cyber Sentinel),CISO,19206762,0.1066
3388,Houston American Energy,HUSA,19191992,1.7597
3389,Senti Biosciences,SNTI,19154436,0.43
3390,Movella,MVLA,18835738,0.37
3391,Minerva Surgical,UTRS,18733802,2.11
3392,Biomerica,BMRA,18671976,1.11
3393,SigmaTron International,SGMA,18587584,3.05
3394,Streamline Health Solutions,STRM,18493062,0.314
3395,Document Security Systems,DSS,18416664,0.1313
3396,La Rosa Holdings,LRHC,18004100,1.58
3397,Conformis,CFMS,17881902,2.27
3398,Alpine Summit Energy Partners,ALPSQ,17784216,0.0072
3399,Cocrystal Pharma,COCP,17498936,1.72
3400,Psychemedics,PMD,16941140,2.92
3401,VBI Vaccines,VBIV,16823004,0.7102
3402,Sarcos Technology and Robotics,STRC,16570820,0.6398
3403,Momentus,MNTS,16339928,2.49
3404,Janover,JNVR,16192013,1.62
3405,Marpai,MRAI,16011771,2.05
3406,Salem Media Group,SALM,15802075,0.5806
3407,FaZe Clan,FAZE,15655243,0.202
3408,Shapeways,SHPW,15322015,2.34
3409,MAIA Biotechnology,MAIA,15267420,0.9
3410,Ashford Inc,AINC,15266405,4.75
3411,Azitra,AZTR,15242976,1.26
3412,Acorda Therapeutics,ACOR,15235474,12.2659
3413,T2 Biosystems,TTOO,15229090,3.76
3414,Vince Holding,VNCE,15002761,1.2
3415,Bullfrog AI,BFRG,14688083,2.41
3416,Microbot Medical,MBOT,14634125,1.25
3417,Jet.AI,JTAI,14527432,1.6114
3418,Talis Biomedical,TLIS,14513860,7.9697
3419,Ontrak,OTRK,14472425,0.52505
3420,Hepion Pharmaceuticals,HEPA,14357721,3.31
3421,Heliogen,HLGN,14041882,2.3765
3422,Kaival Brands Innovations,KAVL,14020002,0.239
3423,AgEagle Aerial Systems,UAVS,13979281,0.1171
3424,Vincerx Pharma,VINC,13897389,0.65
3425,NanoViricides,NNVC,13801549,1.175
3426,OLB Group,OLB,13800690,0.9
3427,FGI Industries,FGI,13775000,1.45
3428,Aprea Therapeutics,APRE,13769629,3.685
3429,NantHealth,NHIQ,13735650,0.5
3430,Genprex,GNPX,13729439,0.231
3431,Alaunos Therapeutics,TCRT,13715739,0.057
3432,Aytu BioScience,AYTU,13696026,2.46
3433,Lipocine,LPCN,13630851,2.5642
3434,Context Therapeutics,CNTX,13595134,0.8515
3435,Jaguar Health,JAGX,13455310,0.2651
3436,bioAffinity Technologies,BIAF,13398158,1.41
3437,Sunworks,SUNW,13287479,0.234
3438,Onconova Therapeutics,ONTX,13263669,0.631501
3439,MyMD Pharmaceuticals,MYMD,13234182,0.26
3440,Astrotech,ASTC,13230951,7.775
3441,Urban-gro,UGRO,13187778,1.13
3442,AgeX Therapeutics,AGE,12675734,0.334
3443,Blackboxstocks,BLBX,12665925,3.9608
3444,Oragenics,OGEN,12615655,4.91
3445,AcelRx Pharmaceuticals,ACRX,12351446,0.7286
3446,Phunware,PHUN,12332875,0.0914
3447,Gamer Pakistan,GPAK,12303643,0.481
3448,Seelos Therapeutics,SEEL,12237404,1.66
3449,CalAmp,CAMP,12129152,0.32
3450,Vapotherm,VAPO,12092510,1.97
3451,Applied DNA Sciences,APDN,12033138,0.881
3452,Hempacco,HPCO,12022519,0.4125
3453,Leafly Holdings,LFLY,11977460,5.5
3454,AquaBounty,AQB,11578778,3.01
3455,Adamas One,JEWL,11555750,0.5
3456,Trust Stamp,IDAI,11322936,1.3699
3457,Telesis Bio,TBIO,11257378,0.3759
3458,Aileron Therapeutics,ALRN,11237179,2.3
3459,Castellum,CTM,11226850,0.2355
3460,Vislink Technologies,VISL,11101689,4.65
3461,Remark Holdings,MARK,10884588,0.52
3462,Aeterna Zentaris,AEZS,10682936,2.2
3463,Strong Global Entertainment,SGE,10477528,1.33
3464,Boxlight,BOXL,10475587,1.09
3465,Fresh Vine Wine,VINE,10458021,0.6546
3466,Energous,WATT,10420720,2
3467,SOBR Safe,SOBR,10403520,0.561
3468,Austin Gold,AUST,10378548,0.782
3469,Mangoceuticals,MGRX,10357535,0.6763
3470,AgileThought,AGIL,10323667,0.197
3471,BrainStorm Cell Therapeutics,BCLI,9811014,0.2003
3472,Organovo,ONVO,9809181,1.11
3473,Air Industries Group,AIRI,9754346,2.965
3474,Tonix Pharmaceuticals,TNXP,9492021,0.398
3475,Trio Petroleum,TPET,9481297,0.3099
3476,Forza X1,FRZA,9457680,0.6
3477,Precipio,PRPO,9230845,6.5
3478,Trevena,TRVN,9103740,0.6
3479,ProSomnus,OSA,9019230,0.55
3480,Socket Mobile,SCKT,9007438,1.23
3481,Carver Bancorp,CARV,8951397,1.82
3482,Cyngn,CYN,8862215,0.212
3483,Asset Entities,ASST,8849396,0.631
3484,Vaccinex,VCNX,8746010,0.7
3485,Inpixon,INPX,8427474,0.066
3486,Eterna Therapeutics,ERNA,8415768,1.5555
3487,Benitec Biopharma,BNTC,8411846,3.27
3488,Sientra,SIEN,8310601,0.695
3489,Reborn Coffee,REBN,8211390,0.55
3490,USD Partners,USDP,8139630,0.241
3491,Imunon,IMNN,7904803,0.841
3492,Heart Test Laboratories,HSCS,7785255,0.1602
3493,SG Blocks,SGBX,7748116,0.472
3494,TRxADE HEALTH,MEDS,7713746,6.185
3495,Polar Power,POLA,7639296,0.435
3496,Laser Photonics,LASE,7263009,0.88
3497,Energy Focus,EFOI,7262312,1.67
3498,Adamis Pharmaceuticals,ADMP,7253325,0.775
3499,Soligenix,SNGX,7139164,0.6879
3500,Bird Global,BRDS,7116705,0.45
3501,22nd Century Group,XXII,7101986,0.23
3502,Stryve Foods,SNAX,7096827,2.53
3503,Golden Minerals,AUMN,7042350,0.5
3504,Arcimoto,FUV,6956661,0.79
3505,Pulmatrix,PULM,6793241,1.86
3506,Capstone Green Energy,CGRN,6788686,0.37
3507,Cadrenal Therapeutics,CVKD,6753624,0.5186
3508,MGO Global,MGOL,6663951,0.4678
3509,ToughBuilt Industries,TBLT,6644736,0.18
3510,"View, Inc.",VIEW,6629275,1.63
3511,Motorsport Gaming,MSGM,6589007,2.42
3512,Republic First Bancorp,FRBK,6513017,0.0925
3513,tinyBuild,8Z3.F,6415079,0.03
3514,Mobile Global Esports (Mogo),MGAM,6381750,0.3125
3515,Marin Software,MRIN,6361115,0.3526
3516,Greene Concepts,INKW,6357876,0.0028
3517,Xenetic Biosciences,XBIO,6076288,3.9439
3518,SeaChange,SEAC,6073081,2.35
3519,Lipella Pharmaceuticals,LIPO,6036097,1.04
3520,Cyclerion Therapeutics,CYCN,5990495,2.45
3521,Monopar Therapeutics,MNPR,5955479,0.4006
3522,Soluna Holdings,SLNH,5940125,3.69
3523,Zoom Telephonics,MINM,5923226,3.12
3524,Sonendo,SONX,5834896,0.1075
3525,Innovative Eyewear,LUCY,5812740,0.45
3526,Cemtrex,CETX,5800320,5.81
3527,Agile Therapeutics,AGRX,5776818,2.3
3528,BranchOut Food,BOF,5743239,1.4201
3529,Trinity Place Holdings,TPHS,5626772,0.1473
3530,Troika Media Group,TRKA,5603404,0.336
3531,Hoth Therapeutics,HOTH,5519978,1.27
3532,Biofrontera,BFRI,5417939,3.57
3533,F45 Training,FXLV,5363424,0.055
3534,Faraday Future,FFIE,5268504,0.296
3535,Digital Ally,DGLY,5125372,1.83
3536,Helius Medical Technologies,HSDT,5052067,7.1332
3537,Signature Bank,SBNY,5037920,0.08
3538,Aethlon Medical,AEMD,5035678,2.02
3539,UpHealth,UPH,4886485,0.2749
3540,Quoin Pharmaceuticals,QNRX,4866979,4.93
3541,Synchronoss,SNCR,4761234,0.4591
3542,iSpecimen,ISPC,4664966,0.514
3543,ShiftPixy,PIXY,4644327,8.24
3544,Avalon GloboCare,ALBT,4485596,0.4078
3545,Sidus Space,SIDU,4393395,0.05
3546,The NFT Gaming Company,NFTG,4291809,0.3555
3547,Aptinyx,APTX,4198373,0.062
3548,Hillstream BioPharma,HILS,4171840,0.237
3549,Titan Pharmaceuticals,TTNP,4149259,0.2754
3550,Evoke Pharma,EVOK,4045114,1.21
3551,Avinger,AVGR,4044579,3.16
3552,OpGen,OPGN,4005400,0.4
3553,Alkaline Water Company,WTER,3944908,0.3029
3554,Biolase,BIOL,3858972,1.13
3555,Kidpik,PIK,3838489,0.41
3556,Ra Medical Systems,RMED,3837970,0.594
3557,Akerna,KERN,3724551,0.3633
3558,Arcadia Biosciences,RKDA,3608605,3.25
3559,Staffing 360 Solutions,STAF,3438926,0.4402
3560,Ensysce Biosciences,ENSC,3429227,1.09
3561,Netcapital,NCPL,3330559,0.3521
3562,Cingulate,CING,3307610,3.53
3563,Actelis Networks,ASNS,3191816,1.175
3564,PaxMedica,PXMD,3143834,0.694
3565,RVL Pharmaceuticals,RVLP,3141649,0.0282
3566,Verb Technology,VERB,3129062,0.1907
3567,Petros Pharmaceuticals,PTPI,3037476,1.38
3568,"Fr8Tech 
 (Freight Technologies)",FRGT,3031564,0.2825
3569,NuZee,NUZE,3010896,2.4
3570,Yield10 Bioscience,YTEN,2982070,0.2489
3571,Advaxis,ADXS,2975566,0.615
3572,Ascent Solar Technologies,ASTI,2967253,0.871
3573,Tivic Health Systems,TIVC,2946841,2.01
3574,Shift Technologies,SFT,2894929,0.1703
3575,Lightning eMotors,ZEVY,2841807,0.431
3576,iEntertainment Network,IENT,2839683,0.0031
3577,Edible Garden,EDBL,2824862,0.4951
3578,iBio,IBIO,2725451,1.3593
3579,Hallmark Financial Services,HALL,2725356,1.4987
3580,Onfolio Holdings,ONFO,2714027,0.5311
3581,JanOne,JAN,2642427,0.533
3582,SeqLL,SQL,2573180,6.76
3583,Sonoma Pharmaceuticals,SNOA,2473217,0.1808
3584,Adial Pharmaceuticals,ADIL,2472499,2.03
3585,Polished.com,POL,2446846,1.16
3586,Agrify,AGFY,2328304,1.41
3587,BIO-key International,BKYI,2315164,0.1686
3588,Phio Pharmaceuticals,PHIO,2278272,0.9324
3589,Oblong,OBLG,2251153,0.1506
3590,cbdMD,YCBD,2143387,0.75
3591,Tapinator,TAPM,1980859,0.719
3592,LMP Automotive Holdings,LMPX,1963584,0.18
3593,Grom Social Enterprises,GROM,1948151,0.99
3594,CorEnergy Infrastructure Trust,CORR,1924512,0.12
3595,Nxu,NXU,1916524,0.0193
3596,Molekule Group,MKUL,1874808,0.0541
3597,Nuwellis,NUWE,1845599,0.5655
3598,SINTX Technologies,SINT,1801878,0.423
3599,180 Life Sciences,ATNF,1779159,0.238
3600,PolarityTE,PTE,1777671,0.241
3601,Nogin,NOGN,1749686,0.155
3602,Eastside Distilling,EAST,1749384,1.12
3603,Greenlane,GNLN,1607007,0.605
3604,Ampio Pharmaceuticals,AMPE,1580839,1.9
3605,Freeze Tag,FRZT,1519886,0.02025
3606,PREIT (Pennsylvania Real Estate Investment Trust),PRET,1516417,0.238
3607,Athersys,ATHX,1487423,0.0241
3608,Starry Group,STRY,1336896,0.008
3609,Wearable Health Solutions,WHSI,1262981,0.0007
3610,Baudax Bio,BXRX,1199682,0.02752
3611,Quanergy Systems,QNGY,1196165,0.074
3612,Biocept,BIOC,1142060,0.4349
3613,Audacy,AUDA,1002673,0.212
3614,Impac Mortgage Holdings,IMPM,914222,0.025
3615,Solar Integrated Roofing,SIRC,882352,0.0011
3616,Connexa Sports Technologies,CNXA,869351,0.253
3617,Evofem Biosciences,EVFM,713558,0.0665
3618,Bellerophon Therapeutics,BLPH,452606,0.037
3619,Kaspien,KSPN,422427,0.085
3620,Youngevity International,YGYI,377890,0.0111
3621,ContraFect,CFRX,371901,0.05
3622,Super League Gaming,SLGG,291827,0.0856
3623,Calithera Biosciences,CALA,158356,0.0325
3624,Vinco Ventures,BBIG,130000,0.01
3625,Humanigen,HGEN,59540,0.0005
3626,iFresh,IFMK,57764,0.0006
3627,Gaming Technologies (Gametech),GMGT,45702,0.001
3628,IronNet,IRNT,22355,0.0002
3629,Viveve Medical,VIVE,16086,0.0015
3630,Pareteum Corporation,TEUM,14270,0
3631,Allena Pharmaceuticals,ALNAQ,12208,0.0001
3632,Zovio,ZVOI,6844,0.0002
3633,Genocea Biosciences,GNCA,5878,0.0001
3634,Trulite,TRUL,2120,1.00E-06
3635,NewAge,NBEVQ,146,1.00E-06
3636,CARGO Therapeutics,CRGX,0,0
3637,Elevai Labs,ELAB,0,0
3638,Energy Harbor,ENGH,0,0
3639,Korro Bio,KRRO,0,0
3640,Lexeo Therapeutics,LXEO,0,0
3641,Mach Natural Resources LP,MNR,0,0
3642,Mama's Creations,MAMA,0,0
3643,Ozon,OZON.ME,0,28.94
3644,reAlpha Tech,AIRE,0,0
3645,Richtech Robotics,RR,0,0
3646,Shimmick,SHIM,0,0
3647,Signing Day Sports,SGN,0,0